id,type,author,instrumentType,region,universe,delay,decay,neutralization,truncation,pasteurization,unitHandling,nanHandling,language,visualization,code,description,operatorCount,dateCreated,dateSubmitted,dateModified,name,favorite,hidden,color,category,tags,classifications,grade,stage,status,pnl,bookSize,longCount,shortCount,turnover,returns,drawdown,margin,fitness,sharpe,startDate,checks,os,train,test,prod,competitions,themes,team,pyramids,self_corr,max_corr,Unnamed: 53,Unnamed: 54,Unnamed: 55,Unnamed: 56,Unnamed: 57,Unnamed: 58,Unnamed: 59,Unnamed: 60,Unnamed: 61,Unnamed: 62,Unnamed: 63,Unnamed: 64,Unnamed: 65,Unnamed: 66,Unnamed: 67,Unnamed: 68,Unnamed: 69,Unnamed: 70,prod_corr
VeGe8NY,REGULAR,JZ45236,EQUITY,GLB,MINVOL1M,1,6,SUBINDUSTRY,0.08,ON,VERIFY,ON,FASTEXPR,False,"group_zscore(rank(winsorize(ts_backfill(mdl110_score, 120), std=4)),densify(oth455_relation_n2v_p10_q200_w5_kmeans_cluster_5))",,5,2025-07-19T14:30:18-04:00,,2025-07-19T18:30:22-04:00,model110_glb_2step,False,False,,,['model110_glb_2step'],[],,IS,UNSUBMITTED,7953683,20000000,3511,3492,0.0803,0.0768,0.0461,0.001913,2.16,2.75,2013-01-20,"[{'name': 'LOW_SHARPE', 'result': 'PASS', 'limit': 1.58, 'value': 2.75}, {'name': 'LOW_FITNESS', 'result': 'PASS', 'limit': 1.0, 'value': 2.16}, {'name': 'LOW_TURNOVER', 'result': 'PASS', 'limit': 0.01, 'value': 0.0803}, {'name': 'HIGH_TURNOVER', 'result': 'PASS', 'limit': 0.7, 'value': 0.0803}, {'name': 'CONCENTRATED_WEIGHT', 'result': 'PASS'}, {'name': 'LOW_SUB_UNIVERSE_SHARPE', 'result': 'PASS', 'limit': 0.96, 'value': 1.81}, {'name': 'SELF_CORRELATION', 'result': 'PENDING'}, {'name': 'DATA_DIVERSITY', 'result': 'PENDING'}, {'name': 'PROD_CORRELATION', 'result': 'PENDING'}, {'name': 'REGULAR_SUBMISSION', 'result': 'PENDING'}, {'name': 'IS_LADDER_SHARPE', 'result': 'PASS', 'year': 2, 'startDate': '2023-01-20', 'endDate': '2021-01-21', 'limit': 2.02, 'value': 2.45}, {'result': 'PASS', 'name': 'MATCHES_PYRAMID', 'effective': 2, 'multiplier': 1.4, 'pyramids': [{'name': 'GLB/D1/MODEL', 'multiplier': 1.4}, {'name': 'GLB/D1/OTHER', 'multiplier': 1.6}]}, {'result': 'WARNING', 'name': 'MATCHES_THEMES', 'themes': [{'id': 'M4ZY3YD', 'multiplier': 2.0, 'name': 'GLB high turnover Theme'}]}, {'name': 'POWER_POOL_CORRELATION', 'result': 'PENDING'}]",,,,,,,,"['GLB/D1/MODEL', 'GLB/D1/OTHER']",0,,,,,,,,,,,,,,,,,,,,0
nrNa15d,REGULAR,JZ45236,EQUITY,GLB,MINVOL1M,1,6,SUBINDUSTRY,0.08,ON,VERIFY,ON,FASTEXPR,False,"group_zscore(ts_delta(winsorize(ts_backfill(mdl110_score, 120), std=4), 240),densify(pv13_1l_scibr))",,5,2025-07-19T13:47:05-04:00,,2025-07-19T17:47:07-04:00,model110_glb_2step,False,False,,,['model110_glb_2step'],[],,IS,UNSUBMITTED,6519717,20000000,3080,3075,0.1065,0.063,0.0349,0.001182,1.95,2.75,2013-01-20,"[{'name': 'LOW_SHARPE', 'result': 'PASS', 'limit': 1.58, 'value': 2.75}, {'name': 'LOW_FITNESS', 'result': 'PASS', 'limit': 1.0, 'value': 1.95}, {'name': 'LOW_TURNOVER', 'result': 'PASS', 'limit': 0.01, 'value': 0.1065}, {'name': 'HIGH_TURNOVER', 'result': 'PASS', 'limit': 0.7, 'value': 0.1065}, {'name': 'CONCENTRATED_WEIGHT', 'result': 'PASS'}, {'name': 'LOW_SUB_UNIVERSE_SHARPE', 'result': 'PASS', 'limit': 0.96, 'value': 1.87}, {'name': 'SELF_CORRELATION', 'result': 'PENDING'}, {'name': 'DATA_DIVERSITY', 'result': 'PENDING'}, {'name': 'PROD_CORRELATION', 'result': 'PENDING'}, {'name': 'REGULAR_SUBMISSION', 'result': 'PENDING'}, {'name': 'IS_LADDER_SHARPE', 'result': 'PASS', 'year': 8, 'startDate': '2023-01-20', 'endDate': '2015-01-21', 'limit': 1.61, 'value': 2.09}, {'result': 'PASS', 'name': 'MATCHES_PYRAMID', 'effective': 2, 'multiplier': 1.0, 'pyramids': [{'name': 'GLB/D1/PV', 'multiplier': 1.0}, {'name': 'GLB/D1/MODEL', 'multiplier': 1.4}]}, {'result': 'WARNING', 'name': 'MATCHES_THEMES', 'themes': [{'id': 'M4ZY3YD', 'multiplier': 2.0, 'name': 'GLB high turnover Theme'}]}, {'name': 'POWER_POOL_CORRELATION', 'result': 'PENDING'}]",,,,,,,,"['GLB/D1/PV', 'GLB/D1/MODEL']",0,,,,,,,,,,,,,,,,,,,,0
oZq6GEl,REGULAR,JZ45236,EQUITY,GLB,MINVOL1M,1,6,SUBINDUSTRY,0.08,ON,VERIFY,ON,FASTEXPR,False,"group_zscore(ts_mean(winsorize(ts_backfill(mdl110_score, 120), std=4), 5),densify(bucket(rank(fnd28_value_05480/close), range='0.2, 1, 0.2')))",,8,2025-07-19T18:08:57-04:00,,2025-07-19T22:09:00-04:00,model110_glb_2step,False,False,,,['model110_glb_2step'],[],,IS,UNSUBMITTED,8917117,20000000,3750,3451,0.0728,0.0861,0.0592,0.002367,2.27,2.74,2013-01-20,"[{'name': 'LOW_SHARPE', 'result': 'PASS', 'limit': 1.58, 'value': 2.74}, {'name': 'LOW_FITNESS', 'result': 'PASS', 'limit': 1.0, 'value': 2.27}, {'name': 'LOW_TURNOVER', 'result': 'PASS', 'limit': 0.01, 'value': 0.0728}, {'name': 'HIGH_TURNOVER', 'result': 'PASS', 'limit': 0.7, 'value': 0.0728}, {'name': 'CONCENTRATED_WEIGHT', 'result': 'PASS'}, {'name': 'LOW_SUB_UNIVERSE_SHARPE', 'result': 'PASS', 'limit': 0.96, 'value': 1.88}, {'name': 'SELF_CORRELATION', 'result': 'PENDING'}, {'name': 'DATA_DIVERSITY', 'result': 'PENDING'}, {'name': 'PROD_CORRELATION', 'result': 'PENDING'}, {'name': 'REGULAR_SUBMISSION', 'result': 'PENDING'}, {'name': 'IS_LADDER_SHARPE', 'result': 'WARNING', 'year': 3, 'startDate': '2023-01-20', 'endDate': '2020-01-21', 'limit': 1.58, 'value': 1.33}, {'result': 'PASS', 'name': 'MATCHES_PYRAMID', 'effective': 0, 'multiplier': 1.0, 'pyramids': [{'name': 'GLB/D1/PV', 'multiplier': 1.0}, {'name': 'GLB/D1/MODEL', 'multiplier': 1.4}, {'name': 'GLB/D1/FUNDAMENTAL', 'multiplier': 1.6}]}, {'result': 'WARNING', 'name': 'MATCHES_THEMES', 'themes': [{'id': 'M4ZY3YD', 'multiplier': 2.0, 'name': 'GLB high turnover Theme'}]}, {'name': 'POWER_POOL_CORRELATION', 'result': 'PENDING'}]",,,,,,,,"['GLB/D1/PV', 'GLB/D1/MODEL', 'GLB/D1/FUNDAMENTAL']",0,,,,,,,,,,,,,,,,,,,,0
aG738rR,REGULAR,JZ45236,EQUITY,GLB,MINVOL1M,1,6,SUBINDUSTRY,0.08,ON,VERIFY,ON,FASTEXPR,False,"group_scale(ts_sum(winsorize(ts_backfill(mdl110_score, 120), std=4), 5),densify(pv13_52_minvol_1m_sector))",,5,2025-07-19T16:16:46-04:00,,2025-07-19T20:16:53-04:00,model110_glb_2step,False,False,,,['model110_glb_2step'],[],,IS,UNSUBMITTED,6310367,20000000,4534,4141,0.0785,0.061,0.0415,0.001554,1.91,2.74,2013-01-20,"[{'name': 'LOW_SHARPE', 'result': 'PASS', 'limit': 1.58, 'value': 2.74}, {'name': 'LOW_FITNESS', 'result': 'PASS', 'limit': 1.0, 'value': 1.91}, {'name': 'LOW_TURNOVER', 'result': 'PASS', 'limit': 0.01, 'value': 0.0785}, {'name': 'HIGH_TURNOVER', 'result': 'PASS', 'limit': 0.7, 'value': 0.0785}, {'name': 'CONCENTRATED_WEIGHT', 'result': 'PASS'}, {'name': 'LOW_SUB_UNIVERSE_SHARPE', 'result': 'PASS', 'limit': 0.96, 'value': 1.76}, {'name': 'SELF_CORRELATION', 'result': 'PENDING'}, {'name': 'DATA_DIVERSITY', 'result': 'PENDING'}, {'name': 'PROD_CORRELATION', 'result': 'PENDING'}, {'name': 'REGULAR_SUBMISSION', 'result': 'PENDING'}, {'name': 'IS_LADDER_SHARPE', 'result': 'PASS', 'year': 2, 'startDate': '2023-01-20', 'endDate': '2021-01-21', 'limit': 2.02, 'value': 2.28}, {'result': 'PASS', 'name': 'MATCHES_PYRAMID', 'effective': 2, 'multiplier': 1.0, 'pyramids': [{'name': 'GLB/D1/PV', 'multiplier': 1.0}, {'name': 'GLB/D1/MODEL', 'multiplier': 1.4}]}, {'result': 'WARNING', 'name': 'MATCHES_THEMES', 'themes': [{'id': 'M4ZY3YD', 'multiplier': 2.0, 'name': 'GLB high turnover Theme'}]}, {'name': 'POWER_POOL_CORRELATION', 'result': 'PENDING'}]",,,,,,,,"['GLB/D1/PV', 'GLB/D1/MODEL']",0,,,,,,,,,,,,,,,,,,,,0
bAjE2mR,REGULAR,JZ45236,EQUITY,GLB,MINVOL1M,1,6,SUBINDUSTRY,0.08,ON,VERIFY,ON,FASTEXPR,False,"group_rank(ts_sum(winsorize(ts_backfill(mdl110_score, 120), std=4), 5),densify(pv13_52_minvol_1m_all_delay_1_sector))",,5,2025-07-19T16:06:04-04:00,,2025-07-19T20:06:06-04:00,model110_glb_2step,False,False,,,['model110_glb_2step'],[],,IS,UNSUBMITTED,6345746,20000000,4374,4325,0.0746,0.0613,0.0362,0.001644,1.92,2.74,2013-01-20,"[{'name': 'LOW_SHARPE', 'result': 'PASS', 'limit': 1.58, 'value': 2.74}, {'name': 'LOW_FITNESS', 'result': 'PASS', 'limit': 1.0, 'value': 1.92}, {'name': 'LOW_TURNOVER', 'result': 'PASS', 'limit': 0.01, 'value': 0.0746}, {'name': 'HIGH_TURNOVER', 'result': 'PASS', 'limit': 0.7, 'value': 0.0746}, {'name': 'CONCENTRATED_WEIGHT', 'result': 'PASS'}, {'name': 'LOW_SUB_UNIVERSE_SHARPE', 'result': 'PASS', 'limit': 0.96, 'value': 1.87}, {'name': 'SELF_CORRELATION', 'result': 'PENDING'}, {'name': 'DATA_DIVERSITY', 'result': 'PENDING'}, {'name': 'PROD_CORRELATION', 'result': 'PENDING'}, {'name': 'REGULAR_SUBMISSION', 'result': 'PENDING'}, {'name': 'IS_LADDER_SHARPE', 'result': 'PASS', 'year': 2, 'startDate': '2023-01-20', 'endDate': '2021-01-21', 'limit': 2.02, 'value': 2.41}, {'result': 'PASS', 'name': 'MATCHES_PYRAMID', 'effective': 2, 'multiplier': 1.0, 'pyramids': [{'name': 'GLB/D1/PV', 'multiplier': 1.0}, {'name': 'GLB/D1/MODEL', 'multiplier': 1.4}]}, {'result': 'WARNING', 'name': 'MATCHES_THEMES', 'themes': [{'id': 'M4ZY3YD', 'multiplier': 2.0, 'name': 'GLB high turnover Theme'}]}, {'name': 'POWER_POOL_CORRELATION', 'result': 'PENDING'}]",,,,,,,,"['GLB/D1/PV', 'GLB/D1/MODEL']",0,,,,,,,,,,,,,,,,,,,,0
p3N3MXV,REGULAR,JZ45236,EQUITY,GLB,MINVOL1M,1,6,SUBINDUSTRY,0.08,ON,VERIFY,ON,FASTEXPR,False,"group_zscore(rank(winsorize(ts_backfill(mdl110_score, 120), std=4)),densify(oth455_relation_n2v_p10_q200_w2_kmeans_cluster_5))",,5,2025-07-19T14:32:21-04:00,,2025-07-19T18:32:23-04:00,model110_glb_2step,False,False,,,['model110_glb_2step'],[],,IS,UNSUBMITTED,7931347,20000000,3511,3492,0.0804,0.0766,0.0462,0.001907,2.14,2.74,2013-01-20,"[{'name': 'LOW_SHARPE', 'result': 'PASS', 'limit': 1.58, 'value': 2.74}, {'name': 'LOW_FITNESS', 'result': 'PASS', 'limit': 1.0, 'value': 2.14}, {'name': 'LOW_TURNOVER', 'result': 'PASS', 'limit': 0.01, 'value': 0.0804}, {'name': 'HIGH_TURNOVER', 'result': 'PASS', 'limit': 0.7, 'value': 0.0804}, {'name': 'CONCENTRATED_WEIGHT', 'result': 'PASS'}, {'name': 'LOW_SUB_UNIVERSE_SHARPE', 'result': 'PASS', 'limit': 0.96, 'value': 1.8}, {'name': 'SELF_CORRELATION', 'result': 'PENDING'}, {'name': 'DATA_DIVERSITY', 'result': 'PENDING'}, {'name': 'PROD_CORRELATION', 'result': 'PENDING'}, {'name': 'REGULAR_SUBMISSION', 'result': 'PENDING'}, {'name': 'IS_LADDER_SHARPE', 'result': 'PASS', 'year': 2, 'startDate': '2023-01-20', 'endDate': '2021-01-21', 'limit': 2.02, 'value': 2.44}, {'result': 'PASS', 'name': 'MATCHES_PYRAMID', 'effective': 2, 'multiplier': 1.4, 'pyramids': [{'name': 'GLB/D1/MODEL', 'multiplier': 1.4}, {'name': 'GLB/D1/OTHER', 'multiplier': 1.6}]}, {'result': 'WARNING', 'name': 'MATCHES_THEMES', 'themes': [{'id': 'M4ZY3YD', 'multiplier': 2.0, 'name': 'GLB high turnover Theme'}]}, {'name': 'POWER_POOL_CORRELATION', 'result': 'PENDING'}]",,,,,,,,"['GLB/D1/MODEL', 'GLB/D1/OTHER']",0,,,,,,,,,,,,,,,,,,,,0
G9GQj5P,REGULAR,JZ45236,EQUITY,GLB,MINVOL1M,1,6,SUBINDUSTRY,0.08,ON,VERIFY,ON,FASTEXPR,False,"group_neutralize(rank(winsorize(ts_backfill(mdl110_score, 120), std=4)),densify(oth455_relation_n2v_p10_q50_w2_kmeans_cluster_5))",,5,2025-07-19T14:00:09-04:00,,2025-07-19T18:00:13-04:00,model110_glb_2step,False,False,,,['model110_glb_2step'],[],,IS,UNSUBMITTED,7881657,20000000,3512,3491,0.0804,0.0761,0.0471,0.001895,2.14,2.74,2013-01-20,"[{'name': 'LOW_SHARPE', 'result': 'PASS', 'limit': 1.58, 'value': 2.74}, {'name': 'LOW_FITNESS', 'result': 'PASS', 'limit': 1.0, 'value': 2.14}, {'name': 'LOW_TURNOVER', 'result': 'PASS', 'limit': 0.01, 'value': 0.0804}, {'name': 'HIGH_TURNOVER', 'result': 'PASS', 'limit': 0.7, 'value': 0.0804}, {'name': 'CONCENTRATED_WEIGHT', 'result': 'PASS'}, {'name': 'LOW_SUB_UNIVERSE_SHARPE', 'result': 'PASS', 'limit': 0.96, 'value': 1.79}, {'name': 'SELF_CORRELATION', 'result': 'PENDING'}, {'name': 'DATA_DIVERSITY', 'result': 'PENDING'}, {'name': 'PROD_CORRELATION', 'result': 'PENDING'}, {'name': 'REGULAR_SUBMISSION', 'result': 'PENDING'}, {'name': 'IS_LADDER_SHARPE', 'result': 'PASS', 'year': 2, 'startDate': '2023-01-20', 'endDate': '2021-01-21', 'limit': 2.02, 'value': 2.39}, {'result': 'PASS', 'name': 'MATCHES_PYRAMID', 'effective': 2, 'multiplier': 1.4, 'pyramids': [{'name': 'GLB/D1/MODEL', 'multiplier': 1.4}, {'name': 'GLB/D1/OTHER', 'multiplier': 1.6}]}, {'result': 'WARNING', 'name': 'MATCHES_THEMES', 'themes': [{'id': 'M4ZY3YD', 'multiplier': 2.0, 'name': 'GLB high turnover Theme'}]}, {'name': 'POWER_POOL_CORRELATION', 'result': 'PENDING'}]",,,,,,,,"['GLB/D1/MODEL', 'GLB/D1/OTHER']",0,,,,,,,,,,,,,,,,,,,,0
r82d5Y1,REGULAR,JZ45236,EQUITY,GLB,MINVOL1M,1,6,SUBINDUSTRY,0.08,ON,VERIFY,ON,FASTEXPR,False,"group_scale(ts_delta(winsorize(ts_backfill(mdl110_score, 120), std=4), 240),densify(pv13_52_minvol_1m_sector))",,5,2025-07-19T13:37:05-04:00,,2025-07-19T17:37:07-04:00,model110_glb_2step,False,False,,,['model110_glb_2step'],[],,IS,UNSUBMITTED,5142883,20000000,3194,3182,0.1152,0.0497,0.0209,0.000862,1.73,2.74,2013-01-20,"[{'name': 'LOW_SHARPE', 'result': 'PASS', 'limit': 1.58, 'value': 2.74}, {'name': 'LOW_FITNESS', 'result': 'PASS', 'limit': 1.0, 'value': 1.73}, {'name': 'LOW_TURNOVER', 'result': 'PASS', 'limit': 0.01, 'value': 0.1152}, {'name': 'HIGH_TURNOVER', 'result': 'PASS', 'limit': 0.7, 'value': 0.1152}, {'name': 'CONCENTRATED_WEIGHT', 'result': 'PASS'}, {'name': 'LOW_SUB_UNIVERSE_SHARPE', 'result': 'PASS', 'limit': 0.96, 'value': 1.97}, {'name': 'SELF_CORRELATION', 'result': 'PENDING'}, {'name': 'DATA_DIVERSITY', 'result': 'PENDING'}, {'name': 'PROD_CORRELATION', 'result': 'PENDING'}, {'name': 'REGULAR_SUBMISSION', 'result': 'PENDING'}, {'name': 'IS_LADDER_SHARPE', 'result': 'PASS', 'year': 2, 'startDate': '2023-01-20', 'endDate': '2021-01-21', 'limit': 2.02, 'value': 2.19}, {'result': 'PASS', 'name': 'MATCHES_PYRAMID', 'effective': 2, 'multiplier': 1.0, 'pyramids': [{'name': 'GLB/D1/PV', 'multiplier': 1.0}, {'name': 'GLB/D1/MODEL', 'multiplier': 1.4}]}, {'result': 'WARNING', 'name': 'MATCHES_THEMES', 'themes': [{'id': 'M4ZY3YD', 'multiplier': 2.0, 'name': 'GLB high turnover Theme'}]}, {'name': 'POWER_POOL_CORRELATION', 'result': 'PENDING'}]",,,,,,,,"['GLB/D1/PV', 'GLB/D1/MODEL']",0,,,,,,,,,,,,,,,,,,,,0
qVNgVEE,REGULAR,JZ45236,EQUITY,GLB,MINVOL1M,1,6,SUBINDUSTRY,0.08,ON,VERIFY,ON,FASTEXPR,False,"group_neutralize(winsorize(ts_backfill(mdl110_score, 120), std=4),densify(pv13_3l_scibr))",,4,2025-07-19T12:30:22-04:00,,2025-07-19T16:30:24-04:00,model110_glb_2step,False,False,,,['model110_glb_2step'],[],,IS,UNSUBMITTED,9337788,20000000,3578,3356,0.0883,0.0902,0.0665,0.002043,2.33,2.74,2013-01-20,"[{'name': 'LOW_SHARPE', 'result': 'PASS', 'limit': 1.58, 'value': 2.74}, {'name': 'LOW_FITNESS', 'result': 'PASS', 'limit': 1.0, 'value': 2.33}, {'name': 'LOW_TURNOVER', 'result': 'PASS', 'limit': 0.01, 'value': 0.0883}, {'name': 'HIGH_TURNOVER', 'result': 'PASS', 'limit': 0.7, 'value': 0.0883}, {'name': 'CONCENTRATED_WEIGHT', 'result': 'PASS'}, {'name': 'LOW_SUB_UNIVERSE_SHARPE', 'result': 'PASS', 'limit': 0.96, 'value': 2.0}, {'name': 'SELF_CORRELATION', 'result': 'PENDING'}, {'name': 'DATA_DIVERSITY', 'result': 'PENDING'}, {'name': 'PROD_CORRELATION', 'result': 'PENDING'}, {'name': 'REGULAR_SUBMISSION', 'result': 'PENDING'}, {'name': 'IS_LADDER_SHARPE', 'result': 'WARNING', 'year': 3, 'startDate': '2023-01-20', 'endDate': '2020-01-21', 'limit': 1.58, 'value': 1.33}, {'result': 'PASS', 'name': 'MATCHES_PYRAMID', 'effective': 2, 'multiplier': 1.0, 'pyramids': [{'name': 'GLB/D1/PV', 'multiplier': 1.0}, {'name': 'GLB/D1/MODEL', 'multiplier': 1.4}]}, {'result': 'WARNING', 'name': 'MATCHES_THEMES', 'themes': [{'id': 'M4ZY3YD', 'multiplier': 2.0, 'name': 'GLB high turnover Theme'}]}, {'name': 'POWER_POOL_CORRELATION', 'result': 'PENDING'}]",,,,,,,,"['GLB/D1/PV', 'GLB/D1/MODEL']",0,,,,,,,,,,,,,,,,,,,,0
x5NQm7J,REGULAR,JZ45236,EQUITY,GLB,MINVOL1M,1,6,SUBINDUSTRY,0.08,ON,VERIFY,ON,FASTEXPR,False,"group_neutralize(quantile(winsorize(ts_backfill(mdl110_score, 120), std=4)),densify(oth455_customer_n2v_p10_q50_w4_pca_fact3_cluster_20))",,5,2025-07-19T11:52:21-04:00,,2025-07-19T15:52:26-04:00,model110_glb_2step,False,False,,,['model110_glb_2step'],[],,IS,UNSUBMITTED,8738561,20000000,3073,3064,0.085,0.0844,0.0503,0.001985,2.24,2.72,2013-01-20,"[{'name': 'LOW_SHARPE', 'result': 'PASS', 'limit': 1.58, 'value': 2.72}, {'name': 'LOW_FITNESS', 'result': 'PASS', 'limit': 1.0, 'value': 2.24}, {'name': 'LOW_TURNOVER', 'result': 'PASS', 'limit': 0.01, 'value': 0.085}, {'name': 'HIGH_TURNOVER', 'result': 'PASS', 'limit': 0.7, 'value': 0.085}, {'name': 'CONCENTRATED_WEIGHT', 'result': 'PASS'}, {'name': 'LOW_SUB_UNIVERSE_SHARPE', 'result': 'PASS', 'limit': 0.95, 'value': 1.89}, {'name': 'SELF_CORRELATION', 'result': 'PENDING'}, {'name': 'DATA_DIVERSITY', 'result': 'PENDING'}, {'name': 'PROD_CORRELATION', 'result': 'PENDING'}, {'name': 'REGULAR_SUBMISSION', 'result': 'PENDING'}, {'name': 'IS_LADDER_SHARPE', 'result': 'PASS', 'year': 2, 'startDate': '2023-01-20', 'endDate': '2021-01-21', 'limit': 2.02, 'value': 2.5}, {'result': 'PASS', 'name': 'MATCHES_PYRAMID', 'effective': 2, 'multiplier': 1.4, 'pyramids': [{'name': 'GLB/D1/MODEL', 'multiplier': 1.4}, {'name': 'GLB/D1/OTHER', 'multiplier': 1.6}]}, {'result': 'WARNING', 'name': 'MATCHES_THEMES', 'themes': [{'id': 'M4ZY3YD', 'multiplier': 2.0, 'name': 'GLB high turnover Theme'}]}, {'name': 'POWER_POOL_CORRELATION', 'result': 'PENDING'}]",,,,,,,,"['GLB/D1/MODEL', 'GLB/D1/OTHER']",0,,,,,,,,,,,,,,,,,,,,0
vPNObPz,REGULAR,JZ45236,EQUITY,GLB,MINVOL1M,1,6,SUBINDUSTRY,0.08,ON,VERIFY,ON,FASTEXPR,False,"group_scale(ts_delta(winsorize(ts_backfill(mdl110_score, 120), std=4), 240),densify(pv13_52_minvol_1m_all_delay_1_sector))",,5,2025-07-19T13:39:12-04:00,,2025-07-19T17:39:19-04:00,model110_glb_2step,False,False,,,['model110_glb_2step'],[],,IS,UNSUBMITTED,5097493,20000000,3193,3180,0.1153,0.0492,0.0211,0.000854,1.69,2.7,2013-01-20,"[{'name': 'LOW_SHARPE', 'result': 'PASS', 'limit': 1.58, 'value': 2.7}, {'name': 'LOW_FITNESS', 'result': 'PASS', 'limit': 1.0, 'value': 1.69}, {'name': 'LOW_TURNOVER', 'result': 'PASS', 'limit': 0.01, 'value': 0.1153}, {'name': 'HIGH_TURNOVER', 'result': 'PASS', 'limit': 0.7, 'value': 0.1153}, {'name': 'CONCENTRATED_WEIGHT', 'result': 'PASS'}, {'name': 'LOW_SUB_UNIVERSE_SHARPE', 'result': 'PASS', 'limit': 0.94, 'value': 1.93}, {'name': 'SELF_CORRELATION', 'result': 'PENDING'}, {'name': 'DATA_DIVERSITY', 'result': 'PENDING'}, {'name': 'PROD_CORRELATION', 'result': 'PENDING'}, {'name': 'REGULAR_SUBMISSION', 'result': 'PENDING'}, {'name': 'IS_LADDER_SHARPE', 'result': 'PASS', 'year': 2, 'startDate': '2023-01-20', 'endDate': '2021-01-21', 'limit': 2.02, 'value': 2.13}, {'result': 'PASS', 'name': 'MATCHES_PYRAMID', 'effective': 2, 'multiplier': 1.0, 'pyramids': [{'name': 'GLB/D1/PV', 'multiplier': 1.0}, {'name': 'GLB/D1/MODEL', 'multiplier': 1.4}]}, {'result': 'WARNING', 'name': 'MATCHES_THEMES', 'themes': [{'id': 'M4ZY3YD', 'multiplier': 2.0, 'name': 'GLB high turnover Theme'}]}, {'name': 'POWER_POOL_CORRELATION', 'result': 'PENDING'}]",,,,,,,,"['GLB/D1/PV', 'GLB/D1/MODEL']",0,,,,,,,,,,,,,,,,,,,,0
KZ7Ng7g,REGULAR,JZ45236,EQUITY,GLB,MINVOL1M,1,6,SUBINDUSTRY,0.08,ON,VERIFY,ON,FASTEXPR,False,"group_zscore(ts_mean(winsorize(ts_backfill(mdl110_score, 120), std=4), 5),densify(oth455_relation_n2v_p50_q200_w5_kmeans_cluster_5))",,5,2025-07-19T18:15:15-04:00,,2025-07-19T22:15:18-04:00,model110_glb_2step,False,False,,,['model110_glb_2step'],[],,IS,UNSUBMITTED,8857303,20000000,3646,3358,0.0715,0.0856,0.0615,0.002392,2.23,2.69,2013-01-20,"[{'name': 'LOW_SHARPE', 'result': 'PASS', 'limit': 1.58, 'value': 2.69}, {'name': 'LOW_FITNESS', 'result': 'PASS', 'limit': 1.0, 'value': 2.23}, {'name': 'LOW_TURNOVER', 'result': 'PASS', 'limit': 0.01, 'value': 0.0715}, {'name': 'HIGH_TURNOVER', 'result': 'PASS', 'limit': 0.7, 'value': 0.0715}, {'name': 'CONCENTRATED_WEIGHT', 'result': 'PASS'}, {'name': 'LOW_SUB_UNIVERSE_SHARPE', 'result': 'PASS', 'limit': 0.94, 'value': 1.85}, {'name': 'SELF_CORRELATION', 'result': 'PENDING'}, {'name': 'DATA_DIVERSITY', 'result': 'PENDING'}, {'name': 'PROD_CORRELATION', 'result': 'PENDING'}, {'name': 'REGULAR_SUBMISSION', 'result': 'PENDING'}, {'name': 'IS_LADDER_SHARPE', 'result': 'PASS', 'year': 2, 'startDate': '2023-01-20', 'endDate': '2021-01-21', 'limit': 2.02, 'value': 2.38}, {'result': 'PASS', 'name': 'MATCHES_PYRAMID', 'effective': 2, 'multiplier': 1.4, 'pyramids': [{'name': 'GLB/D1/MODEL', 'multiplier': 1.4}, {'name': 'GLB/D1/OTHER', 'multiplier': 1.6}]}, {'result': 'WARNING', 'name': 'MATCHES_THEMES', 'themes': [{'id': 'M4ZY3YD', 'multiplier': 2.0, 'name': 'GLB high turnover Theme'}]}, {'name': 'POWER_POOL_CORRELATION', 'result': 'PENDING'}]",,,,,,,,"['GLB/D1/MODEL', 'GLB/D1/OTHER']",0,,,,,,,,,,,,,,,,,,,,0
nr7d32w,REGULAR,JZ45236,EQUITY,GLB,MINVOL1M,1,6,SUBINDUSTRY,0.08,ON,VERIFY,ON,FASTEXPR,False,"group_zscore(ts_mean(winsorize(ts_backfill(mdl110_score, 120), std=4), 5),densify(oth455_relation_n2v_p10_q200_w5_kmeans_cluster_5))",,5,2025-07-19T18:13:15-04:00,,2025-07-19T22:13:21-04:00,model110_glb_2step,False,False,,,['model110_glb_2step'],[],,IS,UNSUBMITTED,8857303,20000000,3646,3358,0.0715,0.0856,0.0615,0.002392,2.23,2.69,2013-01-20,"[{'name': 'LOW_SHARPE', 'result': 'PASS', 'limit': 1.58, 'value': 2.69}, {'name': 'LOW_FITNESS', 'result': 'PASS', 'limit': 1.0, 'value': 2.23}, {'name': 'LOW_TURNOVER', 'result': 'PASS', 'limit': 0.01, 'value': 0.0715}, {'name': 'HIGH_TURNOVER', 'result': 'PASS', 'limit': 0.7, 'value': 0.0715}, {'name': 'CONCENTRATED_WEIGHT', 'result': 'PASS'}, {'name': 'LOW_SUB_UNIVERSE_SHARPE', 'result': 'PASS', 'limit': 0.94, 'value': 1.85}, {'name': 'SELF_CORRELATION', 'result': 'PENDING'}, {'name': 'DATA_DIVERSITY', 'result': 'PENDING'}, {'name': 'PROD_CORRELATION', 'result': 'PENDING'}, {'name': 'REGULAR_SUBMISSION', 'result': 'PENDING'}, {'name': 'IS_LADDER_SHARPE', 'result': 'PASS', 'year': 2, 'startDate': '2023-01-20', 'endDate': '2021-01-21', 'limit': 2.02, 'value': 2.38}, {'result': 'PASS', 'name': 'MATCHES_PYRAMID', 'effective': 2, 'multiplier': 1.4, 'pyramids': [{'name': 'GLB/D1/MODEL', 'multiplier': 1.4}, {'name': 'GLB/D1/OTHER', 'multiplier': 1.6}]}, {'result': 'WARNING', 'name': 'MATCHES_THEMES', 'themes': [{'id': 'M4ZY3YD', 'multiplier': 2.0, 'name': 'GLB high turnover Theme'}]}, {'name': 'POWER_POOL_CORRELATION', 'result': 'PENDING'}]",,,,,,,,"['GLB/D1/MODEL', 'GLB/D1/OTHER']",0,,,,,,,,,,,,,,,,,,,,0
ZN772W1,REGULAR,JZ45236,EQUITY,GLB,MINVOL1M,1,6,SUBINDUSTRY,0.08,ON,VERIFY,ON,FASTEXPR,False,"group_scale(ts_mean(winsorize(ts_backfill(mdl110_score, 120), std=4), 5),densify(market))",,5,2025-07-19T17:59:19-04:00,,2025-07-19T21:59:22-04:00,model110_glb_2step,False,False,,,['model110_glb_2step'],"[{'id': 'DATA_USAGE:SINGLE_DATA_SET', 'name': 'Single Data Set Alpha'}]",,IS,UNSUBMITTED,9075589,20000000,3801,3493,0.0725,0.0877,0.0623,0.002418,2.25,2.69,2013-01-20,"[{'name': 'LOW_SHARPE', 'result': 'PASS', 'limit': 1.58, 'value': 2.69}, {'name': 'LOW_FITNESS', 'result': 'PASS', 'limit': 1.0, 'value': 2.25}, {'name': 'LOW_TURNOVER', 'result': 'PASS', 'limit': 0.01, 'value': 0.0725}, {'name': 'HIGH_TURNOVER', 'result': 'PASS', 'limit': 0.7, 'value': 0.0725}, {'name': 'CONCENTRATED_WEIGHT', 'result': 'PASS'}, {'name': 'LOW_SUB_UNIVERSE_SHARPE', 'result': 'PASS', 'limit': 0.94, 'value': 1.9}, {'name': 'SELF_CORRELATION', 'result': 'PENDING'}, {'name': 'DATA_DIVERSITY', 'result': 'PENDING'}, {'name': 'PROD_CORRELATION', 'result': 'PENDING'}, {'name': 'REGULAR_SUBMISSION', 'result': 'PENDING'}, {'name': 'LOW_2Y_SHARPE', 'result': 'PASS', 'value': 2.13, 'limit': 1.58}, {'result': 'PASS', 'name': 'MATCHES_PYRAMID', 'effective': 1, 'multiplier': 1.4, 'pyramids': [{'name': 'GLB/D1/MODEL', 'multiplier': 1.4}]}, {'result': 'WARNING', 'name': 'MATCHES_THEMES', 'themes': [{'id': 'M4ZY3YD', 'multiplier': 2.0, 'name': 'GLB high turnover Theme'}]}, {'name': 'POWER_POOL_CORRELATION', 'result': 'PENDING'}]",,,,,,,,['GLB/D1/MODEL'],0,,,,,,,,,,,,,,,,,,,,0
KZ7Rk6l,REGULAR,JZ45236,EQUITY,GLB,MINVOL1M,1,6,SUBINDUSTRY,0.08,ON,VERIFY,ON,FASTEXPR,False,"group_scale(ts_sum(winsorize(ts_backfill(mdl110_score, 120), std=4), 5),densify(pv13_3l_scibr))",,5,2025-07-19T16:13:50-04:00,,2025-07-19T20:13:57-04:00,model110_glb_2step,False,False,,,['model110_glb_2step'],[],,IS,UNSUBMITTED,7079484,20000000,4246,3872,0.0776,0.0684,0.0362,0.001763,1.99,2.69,2013-01-20,"[{'name': 'LOW_SHARPE', 'result': 'PASS', 'limit': 1.58, 'value': 2.69}, {'name': 'LOW_FITNESS', 'result': 'PASS', 'limit': 1.0, 'value': 1.99}, {'name': 'LOW_TURNOVER', 'result': 'PASS', 'limit': 0.01, 'value': 0.0776}, {'name': 'HIGH_TURNOVER', 'result': 'PASS', 'limit': 0.7, 'value': 0.0776}, {'name': 'CONCENTRATED_WEIGHT', 'result': 'PASS'}, {'name': 'LOW_SUB_UNIVERSE_SHARPE', 'result': 'PASS', 'limit': 0.94, 'value': 1.66}, {'name': 'SELF_CORRELATION', 'result': 'PENDING'}, {'name': 'DATA_DIVERSITY', 'result': 'PENDING'}, {'name': 'PROD_CORRELATION', 'result': 'PENDING'}, {'name': 'REGULAR_SUBMISSION', 'result': 'PENDING'}, {'name': 'IS_LADDER_SHARPE', 'result': 'PASS', 'year': 2, 'startDate': '2023-01-20', 'endDate': '2021-01-21', 'limit': 2.02, 'value': 2.09}, {'result': 'PASS', 'name': 'MATCHES_PYRAMID', 'effective': 2, 'multiplier': 1.0, 'pyramids': [{'name': 'GLB/D1/PV', 'multiplier': 1.0}, {'name': 'GLB/D1/MODEL', 'multiplier': 1.4}]}, {'result': 'WARNING', 'name': 'MATCHES_THEMES', 'themes': [{'id': 'M4ZY3YD', 'multiplier': 2.0, 'name': 'GLB high turnover Theme'}]}, {'name': 'POWER_POOL_CORRELATION', 'result': 'PENDING'}]",,,,,,,,"['GLB/D1/PV', 'GLB/D1/MODEL']",0,,,,,,,,,,,,,,,,,,,,0
dvZR0vY,REGULAR,JZ45236,EQUITY,GLB,MINVOL1M,1,6,SUBINDUSTRY,0.08,ON,VERIFY,ON,FASTEXPR,False,"group_scale(winsorize(ts_backfill(mdl110_score, 120), std=4),densify(oth455_customer_n2v_p10_q50_w4_pca_fact3_cluster_20))",,4,2025-07-19T12:55:27-04:00,,2025-07-19T16:55:29-04:00,model110_glb_2step,False,False,,,['model110_glb_2step'],[],,IS,UNSUBMITTED,8627122,20000000,3169,2968,0.1083,0.0833,0.0584,0.00154,2.17,2.66,2013-01-20,"[{'name': 'LOW_SHARPE', 'result': 'PASS', 'limit': 1.58, 'value': 2.66}, {'name': 'LOW_FITNESS', 'result': 'PASS', 'limit': 1.0, 'value': 2.17}, {'name': 'LOW_TURNOVER', 'result': 'PASS', 'limit': 0.01, 'value': 0.1083}, {'name': 'HIGH_TURNOVER', 'result': 'PASS', 'limit': 0.7, 'value': 0.1083}, {'name': 'CONCENTRATED_WEIGHT', 'result': 'PASS'}, {'name': 'LOW_SUB_UNIVERSE_SHARPE', 'result': 'PASS', 'limit': 0.93, 'value': 1.86}, {'name': 'SELF_CORRELATION', 'result': 'PENDING'}, {'name': 'DATA_DIVERSITY', 'result': 'PENDING'}, {'name': 'PROD_CORRELATION', 'result': 'PENDING'}, {'name': 'REGULAR_SUBMISSION', 'result': 'PENDING'}, {'name': 'IS_LADDER_SHARPE', 'result': 'PASS', 'year': 2, 'startDate': '2023-01-20', 'endDate': '2021-01-21', 'limit': 2.02, 'value': 2.34}, {'result': 'PASS', 'name': 'MATCHES_PYRAMID', 'effective': 2, 'multiplier': 1.4, 'pyramids': [{'name': 'GLB/D1/MODEL', 'multiplier': 1.4}, {'name': 'GLB/D1/OTHER', 'multiplier': 1.6}]}, {'result': 'WARNING', 'name': 'MATCHES_THEMES', 'themes': [{'id': 'M4ZY3YD', 'multiplier': 2.0, 'name': 'GLB high turnover Theme'}]}, {'name': 'POWER_POOL_CORRELATION', 'result': 'PENDING'}]",,,,,,,,"['GLB/D1/MODEL', 'GLB/D1/OTHER']",0,,,,,,,,,,,,,,,,,,,,0
oZNXw1E,REGULAR,JZ45236,EQUITY,GLB,MINVOL1M,1,6,SUBINDUSTRY,0.08,ON,VERIFY,ON,FASTEXPR,False,"group_neutralize(normalize(winsorize(ts_backfill(mdl110_score, 120), std=4)),densify(oth455_relation_n2v_p10_q50_w2_kmeans_cluster_5))",,5,2025-07-19T14:41:59-04:00,,2025-07-19T18:42:02-04:00,model110_glb_2step,False,False,,,['model110_glb_2step'],[],,IS,UNSUBMITTED,9200916,20000000,3614,3389,0.0882,0.0889,0.0635,0.002016,2.23,2.65,2013-01-20,"[{'name': 'LOW_SHARPE', 'result': 'PASS', 'limit': 1.58, 'value': 2.65}, {'name': 'LOW_FITNESS', 'result': 'PASS', 'limit': 1.0, 'value': 2.23}, {'name': 'LOW_TURNOVER', 'result': 'PASS', 'limit': 0.01, 'value': 0.0882}, {'name': 'HIGH_TURNOVER', 'result': 'PASS', 'limit': 0.7, 'value': 0.0882}, {'name': 'CONCENTRATED_WEIGHT', 'result': 'PASS'}, {'name': 'LOW_SUB_UNIVERSE_SHARPE', 'result': 'PASS', 'limit': 0.93, 'value': 1.9}, {'name': 'SELF_CORRELATION', 'result': 'PENDING'}, {'name': 'DATA_DIVERSITY', 'result': 'PENDING'}, {'name': 'PROD_CORRELATION', 'result': 'PENDING'}, {'name': 'REGULAR_SUBMISSION', 'result': 'PENDING'}, {'name': 'IS_LADDER_SHARPE', 'result': 'WARNING', 'year': 3, 'startDate': '2023-01-20', 'endDate': '2020-01-21', 'limit': 1.58, 'value': 1.2}, {'result': 'PASS', 'name': 'MATCHES_PYRAMID', 'effective': 2, 'multiplier': 1.4, 'pyramids': [{'name': 'GLB/D1/MODEL', 'multiplier': 1.4}, {'name': 'GLB/D1/OTHER', 'multiplier': 1.6}]}, {'result': 'WARNING', 'name': 'MATCHES_THEMES', 'themes': [{'id': 'M4ZY3YD', 'multiplier': 2.0, 'name': 'GLB high turnover Theme'}]}, {'name': 'POWER_POOL_CORRELATION', 'result': 'PENDING'}]",,,,,,,,"['GLB/D1/MODEL', 'GLB/D1/OTHER']",0,,,,,,,,,,,,,,,,,,,,0
wWaarV6,REGULAR,JZ45236,EQUITY,GLB,MINVOL1M,1,6,SUBINDUSTRY,0.08,ON,VERIFY,ON,FASTEXPR,False,"group_zscore(winsorize(ts_backfill(mdl110_score, 120), std=4),densify(oth455_competitor_roam_w2_pca_fact1_cluster_10))",,4,2025-07-19T13:05:30-04:00,,2025-07-19T17:05:35-04:00,model110_glb_2step,False,False,,,['model110_glb_2step'],[],,IS,UNSUBMITTED,9110684,20000000,3080,2839,0.0885,0.088,0.0518,0.001989,2.21,2.63,2013-01-20,"[{'name': 'LOW_SHARPE', 'result': 'PASS', 'limit': 1.58, 'value': 2.63}, {'name': 'LOW_FITNESS', 'result': 'PASS', 'limit': 1.0, 'value': 2.21}, {'name': 'LOW_TURNOVER', 'result': 'PASS', 'limit': 0.01, 'value': 0.0885}, {'name': 'HIGH_TURNOVER', 'result': 'PASS', 'limit': 0.7, 'value': 0.0885}, {'name': 'CONCENTRATED_WEIGHT', 'result': 'PASS'}, {'name': 'LOW_SUB_UNIVERSE_SHARPE', 'result': 'PASS', 'limit': 0.92, 'value': 1.82}, {'name': 'SELF_CORRELATION', 'result': 'PENDING'}, {'name': 'DATA_DIVERSITY', 'result': 'PENDING'}, {'name': 'PROD_CORRELATION', 'result': 'PENDING'}, {'name': 'REGULAR_SUBMISSION', 'result': 'PENDING'}, {'name': 'IS_LADDER_SHARPE', 'result': 'PASS', 'year': 2, 'startDate': '2023-01-20', 'endDate': '2021-01-21', 'limit': 2.02, 'value': 2.29}, {'result': 'PASS', 'name': 'MATCHES_PYRAMID', 'effective': 2, 'multiplier': 1.4, 'pyramids': [{'name': 'GLB/D1/MODEL', 'multiplier': 1.4}, {'name': 'GLB/D1/OTHER', 'multiplier': 1.6}]}, {'result': 'WARNING', 'name': 'MATCHES_THEMES', 'themes': [{'id': 'M4ZY3YD', 'multiplier': 2.0, 'name': 'GLB high turnover Theme'}]}, {'name': 'POWER_POOL_CORRELATION', 'result': 'PENDING'}]",,,,,,,,"['GLB/D1/MODEL', 'GLB/D1/OTHER']",0,,,,,,,,,,,,,,,,,,,,0
vPNnbEv,REGULAR,JZ45236,EQUITY,GLB,MINVOL1M,1,6,SUBINDUSTRY,0.08,ON,VERIFY,ON,FASTEXPR,False,"group_zscore(zscore(winsorize(ts_backfill(mdl110_score, 120), std=4)),densify(oth455_competitor_roam_w2_pca_fact1_cluster_10))",,5,2025-07-19T11:42:02-04:00,,2025-07-19T15:42:07-04:00,model110_glb_2step,False,False,,,['model110_glb_2step'],[],,IS,UNSUBMITTED,9110383,20000000,3080,2839,0.0885,0.088,0.0518,0.001988,2.21,2.63,2013-01-20,"[{'name': 'LOW_SHARPE', 'result': 'PASS', 'limit': 1.58, 'value': 2.63}, {'name': 'LOW_FITNESS', 'result': 'PASS', 'limit': 1.0, 'value': 2.21}, {'name': 'LOW_TURNOVER', 'result': 'PASS', 'limit': 0.01, 'value': 0.0885}, {'name': 'HIGH_TURNOVER', 'result': 'PASS', 'limit': 0.7, 'value': 0.0885}, {'name': 'CONCENTRATED_WEIGHT', 'result': 'PASS'}, {'name': 'LOW_SUB_UNIVERSE_SHARPE', 'result': 'PASS', 'limit': 0.92, 'value': 1.82}, {'name': 'SELF_CORRELATION', 'result': 'PENDING'}, {'name': 'DATA_DIVERSITY', 'result': 'PENDING'}, {'name': 'PROD_CORRELATION', 'result': 'PENDING'}, {'name': 'REGULAR_SUBMISSION', 'result': 'PENDING'}, {'name': 'IS_LADDER_SHARPE', 'result': 'PASS', 'year': 2, 'startDate': '2023-01-20', 'endDate': '2021-01-21', 'limit': 2.02, 'value': 2.3}, {'result': 'PASS', 'name': 'MATCHES_PYRAMID', 'effective': 2, 'multiplier': 1.4, 'pyramids': [{'name': 'GLB/D1/MODEL', 'multiplier': 1.4}, {'name': 'GLB/D1/OTHER', 'multiplier': 1.6}]}, {'result': 'WARNING', 'name': 'MATCHES_THEMES', 'themes': [{'id': 'M4ZY3YD', 'multiplier': 2.0, 'name': 'GLB high turnover Theme'}]}, {'name': 'POWER_POOL_CORRELATION', 'result': 'PENDING'}]",,,,,,,,"['GLB/D1/MODEL', 'GLB/D1/OTHER']",0,,,,,,,,,,,,,,,,,,,,0
ExGKJom,REGULAR,JZ45236,EQUITY,GLB,MINVOL1M,1,6,SUBINDUSTRY,0.08,ON,VERIFY,ON,FASTEXPR,False,"group_neutralize(winsorize(ts_backfill(mdl110_score, 120), std=4),densify(oth455_relation_n2v_p10_q50_w2_kmeans_cluster_5))",,4,2025-07-19T12:32:38-04:00,,2025-07-19T16:32:40-04:00,model110_glb_2step,False,False,,,['model110_glb_2step'],[],,IS,UNSUBMITTED,9121211,20000000,3629,3373,0.0882,0.0881,0.0758,0.001999,2.2,2.62,2013-01-20,"[{'name': 'LOW_SHARPE', 'result': 'PASS', 'limit': 1.58, 'value': 2.62}, {'name': 'LOW_FITNESS', 'result': 'PASS', 'limit': 1.0, 'value': 2.2}, {'name': 'LOW_TURNOVER', 'result': 'PASS', 'limit': 0.01, 'value': 0.0882}, {'name': 'HIGH_TURNOVER', 'result': 'PASS', 'limit': 0.7, 'value': 0.0882}, {'name': 'CONCENTRATED_WEIGHT', 'result': 'PASS'}, {'name': 'LOW_SUB_UNIVERSE_SHARPE', 'result': 'PASS', 'limit': 0.92, 'value': 1.89}, {'name': 'SELF_CORRELATION', 'result': 'PENDING'}, {'name': 'DATA_DIVERSITY', 'result': 'PENDING'}, {'name': 'PROD_CORRELATION', 'result': 'PENDING'}, {'name': 'REGULAR_SUBMISSION', 'result': 'PENDING'}, {'name': 'IS_LADDER_SHARPE', 'result': 'WARNING', 'year': 3, 'startDate': '2023-01-20', 'endDate': '2020-01-21', 'limit': 1.58, 'value': 1.13}, {'result': 'PASS', 'name': 'MATCHES_PYRAMID', 'effective': 2, 'multiplier': 1.4, 'pyramids': [{'name': 'GLB/D1/MODEL', 'multiplier': 1.4}, {'name': 'GLB/D1/OTHER', 'multiplier': 1.6}]}, {'result': 'WARNING', 'name': 'MATCHES_THEMES', 'themes': [{'id': 'M4ZY3YD', 'multiplier': 2.0, 'name': 'GLB high turnover Theme'}]}, {'name': 'POWER_POOL_CORRELATION', 'result': 'PENDING'}]",,,,,,,,"['GLB/D1/MODEL', 'GLB/D1/OTHER']",0,,,,,,,,,,,,,,,,,,,,0
zekmO5o,REGULAR,JZ45236,EQUITY,GLB,MINVOL1M,1,6,SUBINDUSTRY,0.08,ON,VERIFY,ON,FASTEXPR,False,"group_zscore(ts_mean(winsorize(ts_backfill(mdl110_score, 120), std=4), 22),densify(pv13_52_minvol_1m_all_delay_1_sector))",,5,2025-07-19T17:38:50-04:00,,2025-07-19T21:38:51-04:00,model110_glb_2step,False,False,,,['model110_glb_2step'],[],,IS,UNSUBMITTED,7315557,20000000,3775,3507,0.042,0.0707,0.0449,0.003363,1.96,2.61,2013-01-20,"[{'name': 'LOW_SHARPE', 'result': 'PASS', 'limit': 1.58, 'value': 2.61}, {'name': 'LOW_FITNESS', 'result': 'PASS', 'limit': 1.0, 'value': 1.96}, {'name': 'LOW_TURNOVER', 'result': 'PASS', 'limit': 0.01, 'value': 0.042}, {'name': 'HIGH_TURNOVER', 'result': 'PASS', 'limit': 0.7, 'value': 0.042}, {'name': 'CONCENTRATED_WEIGHT', 'result': 'PASS'}, {'name': 'LOW_SUB_UNIVERSE_SHARPE', 'result': 'PASS', 'limit': 0.91, 'value': 1.84}, {'name': 'SELF_CORRELATION', 'result': 'PENDING'}, {'name': 'DATA_DIVERSITY', 'result': 'PENDING'}, {'name': 'PROD_CORRELATION', 'result': 'PENDING'}, {'name': 'REGULAR_SUBMISSION', 'result': 'PENDING'}, {'name': 'IS_LADDER_SHARPE', 'result': 'PASS', 'year': 2, 'startDate': '2023-01-20', 'endDate': '2021-01-21', 'limit': 2.02, 'value': 2.69}, {'result': 'PASS', 'name': 'MATCHES_PYRAMID', 'effective': 2, 'multiplier': 1.0, 'pyramids': [{'name': 'GLB/D1/PV', 'multiplier': 1.0}, {'name': 'GLB/D1/MODEL', 'multiplier': 1.4}]}, {'result': 'WARNING', 'name': 'MATCHES_THEMES', 'themes': [{'id': 'M4ZY3YD', 'multiplier': 2.0, 'name': 'GLB high turnover Theme'}]}, {'name': 'POWER_POOL_CORRELATION', 'result': 'PENDING'}]",,,,,,,,"['GLB/D1/PV', 'GLB/D1/MODEL']",0,,,,,,,,,,,,,,,,,,,,0
3Jl7oqe,REGULAR,JZ45236,EQUITY,GLB,MINVOL1M,1,6,SUBINDUSTRY,0.08,ON,VERIFY,ON,FASTEXPR,False,"group_zscore(ts_mean(winsorize(ts_backfill(mdl110_score, 120), std=4), 22),densify(industry))",,5,2025-07-19T17:33:36-04:00,,2025-07-19T21:33:41-04:00,model110_glb_2step,False,False,,,['model110_glb_2step'],"[{'id': 'DATA_USAGE:SINGLE_DATA_SET', 'name': 'Single Data Set Alpha'}]",,IS,UNSUBMITTED,8532578,20000000,3820,3478,0.0402,0.0824,0.0615,0.004103,2.12,2.61,2013-01-20,"[{'name': 'LOW_SHARPE', 'result': 'PASS', 'limit': 1.58, 'value': 2.61}, {'name': 'LOW_FITNESS', 'result': 'PASS', 'limit': 1.0, 'value': 2.12}, {'name': 'LOW_TURNOVER', 'result': 'PASS', 'limit': 0.01, 'value': 0.0402}, {'name': 'HIGH_TURNOVER', 'result': 'PASS', 'limit': 0.7, 'value': 0.0402}, {'name': 'CONCENTRATED_WEIGHT', 'result': 'PASS'}, {'name': 'LOW_SUB_UNIVERSE_SHARPE', 'result': 'PASS', 'limit': 0.91, 'value': 1.9}, {'name': 'SELF_CORRELATION', 'result': 'PENDING'}, {'name': 'DATA_DIVERSITY', 'result': 'PENDING'}, {'name': 'PROD_CORRELATION', 'result': 'PENDING'}, {'name': 'REGULAR_SUBMISSION', 'result': 'PENDING'}, {'name': 'LOW_2Y_SHARPE', 'result': 'PASS', 'value': 2.73, 'limit': 1.58}, {'result': 'PASS', 'name': 'MATCHES_PYRAMID', 'effective': 1, 'multiplier': 1.4, 'pyramids': [{'name': 'GLB/D1/MODEL', 'multiplier': 1.4}]}, {'result': 'WARNING', 'name': 'MATCHES_THEMES', 'themes': [{'id': 'M4ZY3YD', 'multiplier': 2.0, 'name': 'GLB high turnover Theme'}]}, {'name': 'POWER_POOL_CORRELATION', 'result': 'PENDING'}]",,,,,,,,['GLB/D1/MODEL'],0,,,,,,,,,,,,,,,,,,,,0
WJ76x1O,REGULAR,JZ45236,EQUITY,GLB,MINVOL1M,1,6,SUBINDUSTRY,0.08,ON,VERIFY,ON,FASTEXPR,False,"group_rank(ts_sum(winsorize(ts_backfill(mdl110_score, 120), std=4), 5),densify(bucket(rank(cap), range='0.1, 1, 0.1')))",,7,2025-07-19T16:03:11-04:00,,2025-07-19T20:03:16-04:00,model110_glb_2step,False,False,,,['model110_glb_2step'],[],,IS,UNSUBMITTED,6686766,20000000,4382,4323,0.0624,0.0646,0.0427,0.002071,1.88,2.61,2013-01-20,"[{'name': 'LOW_SHARPE', 'result': 'PASS', 'limit': 1.58, 'value': 2.61}, {'name': 'LOW_FITNESS', 'result': 'PASS', 'limit': 1.0, 'value': 1.88}, {'name': 'LOW_TURNOVER', 'result': 'PASS', 'limit': 0.01, 'value': 0.0624}, {'name': 'HIGH_TURNOVER', 'result': 'PASS', 'limit': 0.7, 'value': 0.0624}, {'name': 'CONCENTRATED_WEIGHT', 'result': 'PASS'}, {'name': 'LOW_SUB_UNIVERSE_SHARPE', 'result': 'PASS', 'limit': 0.91, 'value': 1.76}, {'name': 'SELF_CORRELATION', 'result': 'PENDING'}, {'name': 'DATA_DIVERSITY', 'result': 'PENDING'}, {'name': 'PROD_CORRELATION', 'result': 'PENDING'}, {'name': 'REGULAR_SUBMISSION', 'result': 'PENDING'}, {'name': 'IS_LADDER_SHARPE', 'result': 'PASS', 'year': 2, 'startDate': '2023-01-20', 'endDate': '2021-01-21', 'limit': 2.02, 'value': 2.24}, {'result': 'PASS', 'name': 'MATCHES_PYRAMID', 'effective': 2, 'multiplier': 1.0, 'pyramids': [{'name': 'GLB/D1/PV', 'multiplier': 1.0}, {'name': 'GLB/D1/MODEL', 'multiplier': 1.4}]}, {'result': 'WARNING', 'name': 'MATCHES_THEMES', 'themes': [{'id': 'M4ZY3YD', 'multiplier': 2.0, 'name': 'GLB high turnover Theme'}]}, {'name': 'POWER_POOL_CORRELATION', 'result': 'PENDING'}]",,,,,,,,"['GLB/D1/PV', 'GLB/D1/MODEL']",0,,,,,,,,,,,,,,,,,,,,0
ExlWpzR,REGULAR,JZ45236,EQUITY,GLB,MINVOL1M,1,6,SUBINDUSTRY,0.08,ON,VERIFY,ON,FASTEXPR,False,"group_neutralize(ts_sum(winsorize(ts_backfill(mdl110_score, 120), std=4), 5),densify(bucket(group_rank(cap,sector),range='0,1,0.1')))",,7,2025-07-19T15:55:05-04:00,,2025-07-19T19:55:07-04:00,model110_glb_2step,False,False,,,['model110_glb_2step'],[],,IS,UNSUBMITTED,8122812,20000000,4542,4162,0.0704,0.0785,0.0638,0.00223,2.07,2.61,2013-01-20,"[{'name': 'LOW_SHARPE', 'result': 'PASS', 'limit': 1.58, 'value': 2.61}, {'name': 'LOW_FITNESS', 'result': 'PASS', 'limit': 1.0, 'value': 2.07}, {'name': 'LOW_TURNOVER', 'result': 'PASS', 'limit': 0.01, 'value': 0.0704}, {'name': 'HIGH_TURNOVER', 'result': 'PASS', 'limit': 0.7, 'value': 0.0704}, {'name': 'CONCENTRATED_WEIGHT', 'result': 'PASS'}, {'name': 'LOW_SUB_UNIVERSE_SHARPE', 'result': 'PASS', 'limit': 0.91, 'value': 1.8}, {'name': 'SELF_CORRELATION', 'result': 'PENDING'}, {'name': 'DATA_DIVERSITY', 'result': 'PENDING'}, {'name': 'PROD_CORRELATION', 'result': 'PENDING'}, {'name': 'REGULAR_SUBMISSION', 'result': 'PENDING'}, {'name': 'IS_LADDER_SHARPE', 'result': 'WARNING', 'year': 3, 'startDate': '2023-01-20', 'endDate': '2020-01-21', 'limit': 1.58, 'value': 1.06}, {'result': 'PASS', 'name': 'MATCHES_PYRAMID', 'effective': 2, 'multiplier': 1.0, 'pyramids': [{'name': 'GLB/D1/PV', 'multiplier': 1.0}, {'name': 'GLB/D1/MODEL', 'multiplier': 1.4}]}, {'result': 'WARNING', 'name': 'MATCHES_THEMES', 'themes': [{'id': 'M4ZY3YD', 'multiplier': 2.0, 'name': 'GLB high turnover Theme'}]}, {'name': 'POWER_POOL_CORRELATION', 'result': 'PENDING'}]",,,,,,,,"['GLB/D1/PV', 'GLB/D1/MODEL']",0,,,,,,,,,,,,,,,,,,,,0
mQj3O09,REGULAR,JZ45236,EQUITY,GLB,MINVOL1M,1,6,SUBINDUSTRY,0.08,ON,VERIFY,ON,FASTEXPR,False,"group_zscore(ts_delta(winsorize(ts_backfill(mdl110_growth, 120), std=4), 240),densify(pv13_2l_scibr))",,5,2025-07-19T15:46:01-04:00,,2025-07-19T19:46:05-04:00,model110_glb_2step,False,False,,,['model110_glb_2step'],[],,IS,UNSUBMITTED,4630968,20000000,3066,3089,0.0543,0.0447,0.0265,0.001648,1.56,2.61,2013-01-20,"[{'name': 'LOW_SHARPE', 'result': 'PASS', 'limit': 1.58, 'value': 2.61}, {'name': 'LOW_FITNESS', 'result': 'PASS', 'limit': 1.0, 'value': 1.56}, {'name': 'LOW_TURNOVER', 'result': 'PASS', 'limit': 0.01, 'value': 0.0543}, {'name': 'HIGH_TURNOVER', 'result': 'PASS', 'limit': 0.7, 'value': 0.0543}, {'name': 'CONCENTRATED_WEIGHT', 'result': 'PASS'}, {'name': 'LOW_SUB_UNIVERSE_SHARPE', 'result': 'PASS', 'limit': 0.91, 'value': 1.54}, {'name': 'SELF_CORRELATION', 'result': 'PENDING'}, {'name': 'DATA_DIVERSITY', 'result': 'PENDING'}, {'name': 'PROD_CORRELATION', 'result': 'PENDING'}, {'name': 'REGULAR_SUBMISSION', 'result': 'PENDING'}, {'name': 'IS_LADDER_SHARPE', 'result': 'PASS', 'year': 2, 'startDate': '2023-01-20', 'endDate': '2021-01-21', 'limit': 2.02, 'value': 2.41}, {'result': 'PASS', 'name': 'MATCHES_PYRAMID', 'effective': 2, 'multiplier': 1.0, 'pyramids': [{'name': 'GLB/D1/PV', 'multiplier': 1.0}, {'name': 'GLB/D1/MODEL', 'multiplier': 1.4}]}, {'result': 'WARNING', 'name': 'MATCHES_THEMES', 'themes': [{'id': 'M4ZY3YD', 'multiplier': 2.0, 'name': 'GLB high turnover Theme'}]}, {'name': 'POWER_POOL_CORRELATION', 'result': 'PENDING'}]",,,,,,,,"['GLB/D1/PV', 'GLB/D1/MODEL']",0,,,,,,,,,,,,,,,,,,,,0
mQ5Eg79,REGULAR,JZ45236,EQUITY,GLB,MINVOL1M,1,6,SUBINDUSTRY,0.08,ON,VERIFY,ON,FASTEXPR,False,"group_neutralize(ts_delta(winsorize(ts_backfill(mdl110_growth, 120), std=4), 240),densify(bucket(rank(fnd28_value_05480/close), range='0.2, 1, 0.2')))",,8,2025-07-19T15:16:16-04:00,,2025-07-19T19:16:19-04:00,model110_glb_2step,False,False,,,['model110_glb_2step'],[],,IS,UNSUBMITTED,4593437,20000000,3172,3205,0.0536,0.0444,0.0247,0.001655,1.56,2.61,2013-01-20,"[{'name': 'LOW_SHARPE', 'result': 'PASS', 'limit': 1.58, 'value': 2.61}, {'name': 'LOW_FITNESS', 'result': 'PASS', 'limit': 1.0, 'value': 1.56}, {'name': 'LOW_TURNOVER', 'result': 'PASS', 'limit': 0.01, 'value': 0.0536}, {'name': 'HIGH_TURNOVER', 'result': 'PASS', 'limit': 0.7, 'value': 0.0536}, {'name': 'CONCENTRATED_WEIGHT', 'result': 'PASS'}, {'name': 'LOW_SUB_UNIVERSE_SHARPE', 'result': 'PASS', 'limit': 0.91, 'value': 1.67}, {'name': 'SELF_CORRELATION', 'result': 'PENDING'}, {'name': 'DATA_DIVERSITY', 'result': 'PENDING'}, {'name': 'PROD_CORRELATION', 'result': 'PENDING'}, {'name': 'REGULAR_SUBMISSION', 'result': 'PENDING'}, {'name': 'IS_LADDER_SHARPE', 'result': 'PASS', 'year': 2, 'startDate': '2023-01-20', 'endDate': '2021-01-21', 'limit': 2.02, 'value': 2.49}, {'result': 'PASS', 'name': 'MATCHES_PYRAMID', 'effective': 0, 'multiplier': 1.0, 'pyramids': [{'name': 'GLB/D1/PV', 'multiplier': 1.0}, {'name': 'GLB/D1/MODEL', 'multiplier': 1.4}, {'name': 'GLB/D1/FUNDAMENTAL', 'multiplier': 1.6}]}, {'result': 'WARNING', 'name': 'MATCHES_THEMES', 'themes': [{'id': 'M4ZY3YD', 'multiplier': 2.0, 'name': 'GLB high turnover Theme'}]}, {'name': 'POWER_POOL_CORRELATION', 'result': 'PENDING'}]",,,,,,,,"['GLB/D1/PV', 'GLB/D1/MODEL', 'GLB/D1/FUNDAMENTAL']",0,,,,,,,,,,,,,,,,,,,,0
Og7ZwlR,REGULAR,JZ45236,EQUITY,GLB,MINVOL1M,1,6,SUBINDUSTRY,0.08,ON,VERIFY,ON,FASTEXPR,False,"group_zscore(ts_mean(winsorize(ts_backfill(mdl110_score, 120), std=4), 22),densify(pv13_52_minvol_1m_sector))",,5,2025-07-19T17:37:51-04:00,,2025-07-19T21:37:55-04:00,model110_glb_2step,False,False,,,['model110_glb_2step'],[],,IS,UNSUBMITTED,7253013,20000000,3776,3509,0.042,0.0701,0.0447,0.003338,1.95,2.6,2013-01-20,"[{'name': 'LOW_SHARPE', 'result': 'PASS', 'limit': 1.58, 'value': 2.6}, {'name': 'LOW_FITNESS', 'result': 'PASS', 'limit': 1.0, 'value': 1.95}, {'name': 'LOW_TURNOVER', 'result': 'PASS', 'limit': 0.01, 'value': 0.042}, {'name': 'HIGH_TURNOVER', 'result': 'PASS', 'limit': 0.7, 'value': 0.042}, {'name': 'CONCENTRATED_WEIGHT', 'result': 'PASS'}, {'name': 'LOW_SUB_UNIVERSE_SHARPE', 'result': 'PASS', 'limit': 0.91, 'value': 1.81}, {'name': 'SELF_CORRELATION', 'result': 'PENDING'}, {'name': 'DATA_DIVERSITY', 'result': 'PENDING'}, {'name': 'PROD_CORRELATION', 'result': 'PENDING'}, {'name': 'REGULAR_SUBMISSION', 'result': 'PENDING'}, {'name': 'IS_LADDER_SHARPE', 'result': 'PASS', 'year': 2, 'startDate': '2023-01-20', 'endDate': '2021-01-21', 'limit': 2.02, 'value': 2.68}, {'result': 'PASS', 'name': 'MATCHES_PYRAMID', 'effective': 2, 'multiplier': 1.0, 'pyramids': [{'name': 'GLB/D1/PV', 'multiplier': 1.0}, {'name': 'GLB/D1/MODEL', 'multiplier': 1.4}]}, {'result': 'WARNING', 'name': 'MATCHES_THEMES', 'themes': [{'id': 'M4ZY3YD', 'multiplier': 2.0, 'name': 'GLB high turnover Theme'}]}, {'name': 'POWER_POOL_CORRELATION', 'result': 'PENDING'}]",,,,,,,,"['GLB/D1/PV', 'GLB/D1/MODEL']",0,,,,,,,,,,,,,,,,,,,,0
r8joqp1,REGULAR,JZ45236,EQUITY,GLB,MINVOL1M,1,6,SUBINDUSTRY,0.08,ON,VERIFY,ON,FASTEXPR,False,"group_zscore(ts_mean(winsorize(ts_backfill(mdl110_score, 120), std=4), 22),densify(pv13_3l_scibr))",,5,2025-07-19T17:35:32-04:00,,2025-07-19T21:35:34-04:00,model110_glb_2step,False,False,,,['model110_glb_2step'],[],,IS,UNSUBMITTED,7940230,20000000,3609,3318,0.0406,0.0767,0.0552,0.003782,2.04,2.6,2013-01-20,"[{'name': 'LOW_SHARPE', 'result': 'PASS', 'limit': 1.58, 'value': 2.6}, {'name': 'LOW_FITNESS', 'result': 'PASS', 'limit': 1.0, 'value': 2.04}, {'name': 'LOW_TURNOVER', 'result': 'PASS', 'limit': 0.01, 'value': 0.0406}, {'name': 'HIGH_TURNOVER', 'result': 'PASS', 'limit': 0.7, 'value': 0.0406}, {'name': 'CONCENTRATED_WEIGHT', 'result': 'PASS'}, {'name': 'LOW_SUB_UNIVERSE_SHARPE', 'result': 'PASS', 'limit': 0.91, 'value': 1.84}, {'name': 'SELF_CORRELATION', 'result': 'PENDING'}, {'name': 'DATA_DIVERSITY', 'result': 'PENDING'}, {'name': 'PROD_CORRELATION', 'result': 'PENDING'}, {'name': 'REGULAR_SUBMISSION', 'result': 'PENDING'}, {'name': 'IS_LADDER_SHARPE', 'result': 'PASS', 'year': 2, 'startDate': '2023-01-20', 'endDate': '2021-01-21', 'limit': 2.02, 'value': 2.7}, {'result': 'PASS', 'name': 'MATCHES_PYRAMID', 'effective': 2, 'multiplier': 1.0, 'pyramids': [{'name': 'GLB/D1/PV', 'multiplier': 1.0}, {'name': 'GLB/D1/MODEL', 'multiplier': 1.4}]}, {'result': 'WARNING', 'name': 'MATCHES_THEMES', 'themes': [{'id': 'M4ZY3YD', 'multiplier': 2.0, 'name': 'GLB high turnover Theme'}]}, {'name': 'POWER_POOL_CORRELATION', 'result': 'PENDING'}]",,,,,,,,"['GLB/D1/PV', 'GLB/D1/MODEL']",0,,,,,,,,,,,,,,,,,,,,0
l1jVNM7,REGULAR,JZ45236,EQUITY,GLB,MINVOL1M,1,6,SUBINDUSTRY,0.08,ON,VERIFY,ON,FASTEXPR,False,"group_zscore(ts_mean(winsorize(ts_backfill(mdl110_score, 120), std=4), 22),densify(bucket(rank(cap), range='0.1, 1, 0.1')))",,7,2025-07-19T17:34:59-04:00,,2025-07-19T21:35:03-04:00,model110_glb_2step,False,False,,,['model110_glb_2step'],[],,IS,UNSUBMITTED,8425982,20000000,3805,3493,0.0413,0.0814,0.0651,0.003944,2.1,2.6,2013-01-20,"[{'name': 'LOW_SHARPE', 'result': 'PASS', 'limit': 1.58, 'value': 2.6}, {'name': 'LOW_FITNESS', 'result': 'PASS', 'limit': 1.0, 'value': 2.1}, {'name': 'LOW_TURNOVER', 'result': 'PASS', 'limit': 0.01, 'value': 0.0413}, {'name': 'HIGH_TURNOVER', 'result': 'PASS', 'limit': 0.7, 'value': 0.0413}, {'name': 'CONCENTRATED_WEIGHT', 'result': 'PASS'}, {'name': 'LOW_SUB_UNIVERSE_SHARPE', 'result': 'PASS', 'limit': 0.91, 'value': 1.85}, {'name': 'SELF_CORRELATION', 'result': 'PENDING'}, {'name': 'DATA_DIVERSITY', 'result': 'PENDING'}, {'name': 'PROD_CORRELATION', 'result': 'PENDING'}, {'name': 'REGULAR_SUBMISSION', 'result': 'PENDING'}, {'name': 'IS_LADDER_SHARPE', 'result': 'PASS', 'year': 2, 'startDate': '2023-01-20', 'endDate': '2021-01-21', 'limit': 2.02, 'value': 2.66}, {'result': 'PASS', 'name': 'MATCHES_PYRAMID', 'effective': 2, 'multiplier': 1.0, 'pyramids': [{'name': 'GLB/D1/PV', 'multiplier': 1.0}, {'name': 'GLB/D1/MODEL', 'multiplier': 1.4}]}, {'result': 'WARNING', 'name': 'MATCHES_THEMES', 'themes': [{'id': 'M4ZY3YD', 'multiplier': 2.0, 'name': 'GLB high turnover Theme'}]}, {'name': 'POWER_POOL_CORRELATION', 'result': 'PENDING'}]",,,,,,,,"['GLB/D1/PV', 'GLB/D1/MODEL']",0,,,,,,,,,,,,,,,,,,,,0
YY7qjpJ,REGULAR,JZ45236,EQUITY,GLB,MINVOL1M,1,6,SUBINDUSTRY,0.08,ON,VERIFY,ON,FASTEXPR,False,"group_rank(ts_sum(winsorize(ts_backfill(mdl110_score, 120), std=4), 5),densify(bucket(group_rank(cap,sector),range='0,1,0.1')))",,7,2025-07-19T16:04:18-04:00,,2025-07-19T20:04:20-04:00,model110_glb_2step,False,False,,,['model110_glb_2step'],[],,IS,UNSUBMITTED,6710544,20000000,4379,4326,0.0624,0.0648,0.0437,0.002077,1.87,2.6,2013-01-20,"[{'name': 'LOW_SHARPE', 'result': 'PASS', 'limit': 1.58, 'value': 2.6}, {'name': 'LOW_FITNESS', 'result': 'PASS', 'limit': 1.0, 'value': 1.87}, {'name': 'LOW_TURNOVER', 'result': 'PASS', 'limit': 0.01, 'value': 0.0624}, {'name': 'HIGH_TURNOVER', 'result': 'PASS', 'limit': 0.7, 'value': 0.0624}, {'name': 'CONCENTRATED_WEIGHT', 'result': 'PASS'}, {'name': 'LOW_SUB_UNIVERSE_SHARPE', 'result': 'PASS', 'limit': 0.91, 'value': 1.76}, {'name': 'SELF_CORRELATION', 'result': 'PENDING'}, {'name': 'DATA_DIVERSITY', 'result': 'PENDING'}, {'name': 'PROD_CORRELATION', 'result': 'PENDING'}, {'name': 'REGULAR_SUBMISSION', 'result': 'PENDING'}, {'name': 'IS_LADDER_SHARPE', 'result': 'PASS', 'year': 2, 'startDate': '2023-01-20', 'endDate': '2021-01-21', 'limit': 2.02, 'value': 2.27}, {'result': 'PASS', 'name': 'MATCHES_PYRAMID', 'effective': 2, 'multiplier': 1.0, 'pyramids': [{'name': 'GLB/D1/PV', 'multiplier': 1.0}, {'name': 'GLB/D1/MODEL', 'multiplier': 1.4}]}, {'result': 'WARNING', 'name': 'MATCHES_THEMES', 'themes': [{'id': 'M4ZY3YD', 'multiplier': 2.0, 'name': 'GLB high turnover Theme'}]}, {'name': 'POWER_POOL_CORRELATION', 'result': 'PENDING'}]",,,,,,,,"['GLB/D1/PV', 'GLB/D1/MODEL']",0,,,,,,,,,,,,,,,,,,,,0
Ve7gbxJ,REGULAR,JZ45236,EQUITY,GLB,MINVOL1M,1,6,SUBINDUSTRY,0.08,ON,VERIFY,ON,FASTEXPR,False,"group_rank(ts_sum(winsorize(ts_backfill(mdl110_score, 120), std=4), 5),densify(bucket(rank(fnd28_value_05480/close), range='0.2, 1, 0.2')))",,8,2025-07-19T16:03:36-04:00,,2025-07-19T20:03:40-04:00,model110_glb_2step,False,False,,,['model110_glb_2step'],[],,IS,UNSUBMITTED,6922291,20000000,4028,4006,0.0631,0.0669,0.0404,0.002119,1.9,2.6,2013-01-20,"[{'name': 'LOW_SHARPE', 'result': 'PASS', 'limit': 1.58, 'value': 2.6}, {'name': 'LOW_FITNESS', 'result': 'PASS', 'limit': 1.0, 'value': 1.9}, {'name': 'LOW_TURNOVER', 'result': 'PASS', 'limit': 0.01, 'value': 0.0631}, {'name': 'HIGH_TURNOVER', 'result': 'PASS', 'limit': 0.7, 'value': 0.0631}, {'name': 'CONCENTRATED_WEIGHT', 'result': 'PASS'}, {'name': 'LOW_SUB_UNIVERSE_SHARPE', 'result': 'PASS', 'limit': 0.91, 'value': 1.81}, {'name': 'SELF_CORRELATION', 'result': 'PENDING'}, {'name': 'DATA_DIVERSITY', 'result': 'PENDING'}, {'name': 'PROD_CORRELATION', 'result': 'PENDING'}, {'name': 'REGULAR_SUBMISSION', 'result': 'PENDING'}, {'name': 'IS_LADDER_SHARPE', 'result': 'PASS', 'year': 2, 'startDate': '2023-01-20', 'endDate': '2021-01-21', 'limit': 2.02, 'value': 2.07}, {'result': 'PASS', 'name': 'MATCHES_PYRAMID', 'effective': 0, 'multiplier': 1.0, 'pyramids': [{'name': 'GLB/D1/PV', 'multiplier': 1.0}, {'name': 'GLB/D1/MODEL', 'multiplier': 1.4}, {'name': 'GLB/D1/FUNDAMENTAL', 'multiplier': 1.6}]}, {'result': 'WARNING', 'name': 'MATCHES_THEMES', 'themes': [{'id': 'M4ZY3YD', 'multiplier': 2.0, 'name': 'GLB high turnover Theme'}]}, {'name': 'POWER_POOL_CORRELATION', 'result': 'PENDING'}]",,,,,,,,"['GLB/D1/PV', 'GLB/D1/MODEL', 'GLB/D1/FUNDAMENTAL']",0,,,,,,,,,,,,,,,,,,,,0
WJALqLG,REGULAR,JZ45236,EQUITY,GLB,MINVOL1M,1,6,SUBINDUSTRY,0.08,ON,VERIFY,ON,FASTEXPR,False,"group_scale(ts_delta(winsorize(ts_backfill(mdl110_score, 120), std=4), 240),densify(bucket(rank(fnd28_value_05480/close), range='0.2, 1, 0.2')))",,8,2025-07-19T13:33:55-04:00,,2025-07-19T17:33:59-04:00,model110_glb_2step,False,False,,,['model110_glb_2step'],[],,IS,UNSUBMITTED,6398436,20000000,3188,3188,0.1252,0.0618,0.0363,0.000988,1.83,2.6,2013-01-20,"[{'name': 'LOW_SHARPE', 'result': 'PASS', 'limit': 1.58, 'value': 2.6}, {'name': 'LOW_FITNESS', 'result': 'PASS', 'limit': 1.0, 'value': 1.83}, {'name': 'LOW_TURNOVER', 'result': 'PASS', 'limit': 0.01, 'value': 0.1252}, {'name': 'HIGH_TURNOVER', 'result': 'PASS', 'limit': 0.7, 'value': 0.1252}, {'name': 'CONCENTRATED_WEIGHT', 'result': 'PASS'}, {'name': 'LOW_SUB_UNIVERSE_SHARPE', 'result': 'PASS', 'limit': 0.91, 'value': 1.81}, {'name': 'SELF_CORRELATION', 'result': 'PENDING'}, {'name': 'DATA_DIVERSITY', 'result': 'PENDING'}, {'name': 'PROD_CORRELATION', 'result': 'PENDING'}, {'name': 'REGULAR_SUBMISSION', 'result': 'PENDING'}, {'name': 'IS_LADDER_SHARPE', 'result': 'PASS', 'year': 2, 'startDate': '2023-01-20', 'endDate': '2021-01-21', 'limit': 2.02, 'value': 2.18}, {'result': 'PASS', 'name': 'MATCHES_PYRAMID', 'effective': 0, 'multiplier': 1.0, 'pyramids': [{'name': 'GLB/D1/PV', 'multiplier': 1.0}, {'name': 'GLB/D1/MODEL', 'multiplier': 1.4}, {'name': 'GLB/D1/FUNDAMENTAL', 'multiplier': 1.6}]}, {'result': 'WARNING', 'name': 'MATCHES_THEMES', 'themes': [{'id': 'M4ZY3YD', 'multiplier': 2.0, 'name': 'GLB high turnover Theme'}]}, {'name': 'POWER_POOL_CORRELATION', 'result': 'PENDING'}]",,,,,,,,"['GLB/D1/PV', 'GLB/D1/MODEL', 'GLB/D1/FUNDAMENTAL']",0,,,,,,,,,,,,,,,,,,,,0
5YpQqnk,REGULAR,JZ45236,EQUITY,GLB,MINVOL1M,1,6,SUBINDUSTRY,0.08,ON,VERIFY,ON,FASTEXPR,False,"group_neutralize(ts_delta(winsorize(ts_backfill(mdl110_score, 120), std=4), 240),densify(oth455_relation_n2v_p10_q50_w2_kmeans_cluster_5))",,5,2025-07-19T13:14:58-04:00,,2025-07-19T17:15:03-04:00,model110_glb_2step,False,False,,,['model110_glb_2step'],[],,IS,UNSUBMITTED,7572063,20000000,3129,3114,0.1086,0.0731,0.0477,0.001347,1.99,2.6,2013-01-20,"[{'name': 'LOW_SHARPE', 'result': 'PASS', 'limit': 1.58, 'value': 2.6}, {'name': 'LOW_FITNESS', 'result': 'PASS', 'limit': 1.0, 'value': 1.99}, {'name': 'LOW_TURNOVER', 'result': 'PASS', 'limit': 0.01, 'value': 0.1086}, {'name': 'HIGH_TURNOVER', 'result': 'PASS', 'limit': 0.7, 'value': 0.1086}, {'name': 'CONCENTRATED_WEIGHT', 'result': 'PASS'}, {'name': 'LOW_SUB_UNIVERSE_SHARPE', 'result': 'PASS', 'limit': 0.91, 'value': 1.89}, {'name': 'SELF_CORRELATION', 'result': 'PENDING'}, {'name': 'DATA_DIVERSITY', 'result': 'PENDING'}, {'name': 'PROD_CORRELATION', 'result': 'PENDING'}, {'name': 'REGULAR_SUBMISSION', 'result': 'PENDING'}, {'name': 'IS_LADDER_SHARPE', 'result': 'PASS', 'year': 2, 'startDate': '2023-01-20', 'endDate': '2021-01-21', 'limit': 2.02, 'value': 2.19}, {'result': 'PASS', 'name': 'MATCHES_PYRAMID', 'effective': 2, 'multiplier': 1.4, 'pyramids': [{'name': 'GLB/D1/MODEL', 'multiplier': 1.4}, {'name': 'GLB/D1/OTHER', 'multiplier': 1.6}]}, {'result': 'WARNING', 'name': 'MATCHES_THEMES', 'themes': [{'id': 'M4ZY3YD', 'multiplier': 2.0, 'name': 'GLB high turnover Theme'}]}, {'name': 'POWER_POOL_CORRELATION', 'result': 'PENDING'}]",,,,,,,,"['GLB/D1/MODEL', 'GLB/D1/OTHER']",0,,,,,,,,,,,,,,,,,,,,0
zekmjpG,REGULAR,JZ45236,EQUITY,GLB,MINVOL1M,1,6,SUBINDUSTRY,0.08,ON,VERIFY,ON,FASTEXPR,False,"group_zscore(ts_mean(winsorize(ts_backfill(mdl110_score, 120), std=4), 22),densify(pv13_2l_scibr))",,5,2025-07-19T17:38:00-04:00,,2025-07-19T21:38:05-04:00,model110_glb_2step,False,False,,,['model110_glb_2step'],[],,IS,UNSUBMITTED,8284848,20000000,3622,3317,0.0405,0.08,0.0614,0.003948,2.06,2.58,2013-01-20,"[{'name': 'LOW_SHARPE', 'result': 'PASS', 'limit': 1.58, 'value': 2.58}, {'name': 'LOW_FITNESS', 'result': 'PASS', 'limit': 1.0, 'value': 2.06}, {'name': 'LOW_TURNOVER', 'result': 'PASS', 'limit': 0.01, 'value': 0.0405}, {'name': 'HIGH_TURNOVER', 'result': 'PASS', 'limit': 0.7, 'value': 0.0405}, {'name': 'CONCENTRATED_WEIGHT', 'result': 'PASS'}, {'name': 'LOW_SUB_UNIVERSE_SHARPE', 'result': 'PASS', 'limit': 0.9, 'value': 1.85}, {'name': 'SELF_CORRELATION', 'result': 'PENDING'}, {'name': 'DATA_DIVERSITY', 'result': 'PENDING'}, {'name': 'PROD_CORRELATION', 'result': 'PENDING'}, {'name': 'REGULAR_SUBMISSION', 'result': 'PENDING'}, {'name': 'IS_LADDER_SHARPE', 'result': 'PASS', 'year': 2, 'startDate': '2023-01-20', 'endDate': '2021-01-21', 'limit': 2.02, 'value': 2.72}, {'result': 'PASS', 'name': 'MATCHES_PYRAMID', 'effective': 2, 'multiplier': 1.0, 'pyramids': [{'name': 'GLB/D1/PV', 'multiplier': 1.0}, {'name': 'GLB/D1/MODEL', 'multiplier': 1.4}]}, {'result': 'WARNING', 'name': 'MATCHES_THEMES', 'themes': [{'id': 'M4ZY3YD', 'multiplier': 2.0, 'name': 'GLB high turnover Theme'}]}, {'name': 'POWER_POOL_CORRELATION', 'result': 'PENDING'}]",,,,,,,,"['GLB/D1/PV', 'GLB/D1/MODEL']",0,,,,,,,,,,,,,,,,,,,,0
05w8Z6p,REGULAR,JZ45236,EQUITY,GLB,MINVOL1M,1,6,SUBINDUSTRY,0.08,ON,VERIFY,ON,FASTEXPR,False,"group_scale(ts_mean(winsorize(ts_backfill(mdl110_score, 120), std=4), 22),densify(pv13_52_minvol_1m_all_delay_1_sector))",,5,2025-07-19T17:28:34-04:00,,2025-07-19T21:28:36-04:00,model110_glb_2step,False,False,,,['model110_glb_2step'],[],,IS,UNSUBMITTED,6664875,20000000,3786,3496,0.0459,0.0644,0.041,0.002807,1.85,2.58,2013-01-20,"[{'name': 'LOW_SHARPE', 'result': 'PASS', 'limit': 1.58, 'value': 2.58}, {'name': 'LOW_FITNESS', 'result': 'PASS', 'limit': 1.0, 'value': 1.85}, {'name': 'LOW_TURNOVER', 'result': 'PASS', 'limit': 0.01, 'value': 0.0459}, {'name': 'HIGH_TURNOVER', 'result': 'PASS', 'limit': 0.7, 'value': 0.0459}, {'name': 'CONCENTRATED_WEIGHT', 'result': 'PASS'}, {'name': 'LOW_SUB_UNIVERSE_SHARPE', 'result': 'PASS', 'limit': 0.9, 'value': 1.83}, {'name': 'SELF_CORRELATION', 'result': 'PENDING'}, {'name': 'DATA_DIVERSITY', 'result': 'PENDING'}, {'name': 'PROD_CORRELATION', 'result': 'PENDING'}, {'name': 'REGULAR_SUBMISSION', 'result': 'PENDING'}, {'name': 'IS_LADDER_SHARPE', 'result': 'PASS', 'year': 2, 'startDate': '2023-01-20', 'endDate': '2021-01-21', 'limit': 2.02, 'value': 2.62}, {'result': 'PASS', 'name': 'MATCHES_PYRAMID', 'effective': 2, 'multiplier': 1.0, 'pyramids': [{'name': 'GLB/D1/PV', 'multiplier': 1.0}, {'name': 'GLB/D1/MODEL', 'multiplier': 1.4}]}, {'result': 'WARNING', 'name': 'MATCHES_THEMES', 'themes': [{'id': 'M4ZY3YD', 'multiplier': 2.0, 'name': 'GLB high turnover Theme'}]}, {'name': 'POWER_POOL_CORRELATION', 'result': 'PENDING'}]",,,,,,,,"['GLB/D1/PV', 'GLB/D1/MODEL']",0,,,,,,,,,,,,,,,,,,,,0
aG7vO8x,REGULAR,JZ45236,EQUITY,GLB,MINVOL1M,1,6,SUBINDUSTRY,0.08,ON,VERIFY,ON,FASTEXPR,False,"group_rank(ts_sum(winsorize(ts_backfill(mdl110_score, 120), std=4), 5),densify(pv13_3l_scibr))",,5,2025-07-19T16:07:18-04:00,,2025-07-19T20:07:22-04:00,model110_glb_2step,False,False,,,['model110_glb_2step'],[],,IS,UNSUBMITTED,6358210,20000000,4079,4050,0.0675,0.0614,0.0377,0.00182,1.81,2.58,2013-01-20,"[{'name': 'LOW_SHARPE', 'result': 'PASS', 'limit': 1.58, 'value': 2.58}, {'name': 'LOW_FITNESS', 'result': 'PASS', 'limit': 1.0, 'value': 1.81}, {'name': 'LOW_TURNOVER', 'result': 'PASS', 'limit': 0.01, 'value': 0.0675}, {'name': 'HIGH_TURNOVER', 'result': 'PASS', 'limit': 0.7, 'value': 0.0675}, {'name': 'CONCENTRATED_WEIGHT', 'result': 'PASS'}, {'name': 'LOW_SUB_UNIVERSE_SHARPE', 'result': 'PASS', 'limit': 0.9, 'value': 1.77}, {'name': 'SELF_CORRELATION', 'result': 'PENDING'}, {'name': 'DATA_DIVERSITY', 'result': 'PENDING'}, {'name': 'PROD_CORRELATION', 'result': 'PENDING'}, {'name': 'REGULAR_SUBMISSION', 'result': 'PENDING'}, {'name': 'IS_LADDER_SHARPE', 'result': 'PASS', 'year': 2, 'startDate': '2023-01-20', 'endDate': '2021-01-21', 'limit': 2.02, 'value': 2.25}, {'result': 'PASS', 'name': 'MATCHES_PYRAMID', 'effective': 2, 'multiplier': 1.0, 'pyramids': [{'name': 'GLB/D1/PV', 'multiplier': 1.0}, {'name': 'GLB/D1/MODEL', 'multiplier': 1.4}]}, {'result': 'WARNING', 'name': 'MATCHES_THEMES', 'themes': [{'id': 'M4ZY3YD', 'multiplier': 2.0, 'name': 'GLB high turnover Theme'}]}, {'name': 'POWER_POOL_CORRELATION', 'result': 'PENDING'}]",,,,,,,,"['GLB/D1/PV', 'GLB/D1/MODEL']",0,,,,,,,,,,,,,,,,,,,,0
l1WwrKO,REGULAR,JZ45236,EQUITY,GLB,MINVOL1M,1,6,SUBINDUSTRY,0.08,ON,VERIFY,ON,FASTEXPR,False,"group_scale(normalize(winsorize(ts_backfill(mdl110_score, 120), std=4)),densify(bucket(rank(cap), range='0.1, 1, 0.1')))",,7,2025-07-19T14:56:01-04:00,,2025-07-19T18:56:06-04:00,model110_glb_2step,False,False,,,['model110_glb_2step'],[],,IS,UNSUBMITTED,9519191,20000000,3764,3529,0.1,0.092,0.0473,0.001839,2.21,2.58,2013-01-20,"[{'name': 'LOW_SHARPE', 'result': 'PASS', 'limit': 1.58, 'value': 2.58}, {'name': 'LOW_FITNESS', 'result': 'PASS', 'limit': 1.0, 'value': 2.21}, {'name': 'LOW_TURNOVER', 'result': 'PASS', 'limit': 0.01, 'value': 0.1}, {'name': 'HIGH_TURNOVER', 'result': 'PASS', 'limit': 0.7, 'value': 0.1}, {'name': 'CONCENTRATED_WEIGHT', 'result': 'PASS'}, {'name': 'LOW_SUB_UNIVERSE_SHARPE', 'result': 'PASS', 'limit': 0.9, 'value': 1.71}, {'name': 'SELF_CORRELATION', 'result': 'PENDING'}, {'name': 'DATA_DIVERSITY', 'result': 'PENDING'}, {'name': 'PROD_CORRELATION', 'result': 'PENDING'}, {'name': 'REGULAR_SUBMISSION', 'result': 'PENDING'}, {'name': 'IS_LADDER_SHARPE', 'result': 'PASS', 'year': 2, 'startDate': '2023-01-20', 'endDate': '2021-01-21', 'limit': 2.02, 'value': 2.02}, {'result': 'PASS', 'name': 'MATCHES_PYRAMID', 'effective': 2, 'multiplier': 1.0, 'pyramids': [{'name': 'GLB/D1/PV', 'multiplier': 1.0}, {'name': 'GLB/D1/MODEL', 'multiplier': 1.4}]}, {'result': 'WARNING', 'name': 'MATCHES_THEMES', 'themes': [{'id': 'M4ZY3YD', 'multiplier': 2.0, 'name': 'GLB high turnover Theme'}]}, {'name': 'POWER_POOL_CORRELATION', 'result': 'PENDING'}]",,,,,,,,"['GLB/D1/PV', 'GLB/D1/MODEL']",0,,,,,,,,,,,,,,,,,,,,0
aG7jAvO,REGULAR,JZ45236,EQUITY,GLB,MINVOL1M,1,6,SUBINDUSTRY,0.08,ON,VERIFY,ON,FASTEXPR,False,"group_scale(ts_delta(winsorize(ts_backfill(mdl110_growth, 120), std=4), 240),densify(market))",,5,2025-07-19T15:34:03-04:00,,2025-07-19T19:34:08-04:00,model110_glb_2step,False,False,,,['model110_glb_2step'],"[{'id': 'DATA_USAGE:SINGLE_DATA_SET', 'name': 'Single Data Set Alpha'}]",,IS,UNSUBMITTED,4601647,20000000,3187,3206,0.0533,0.0445,0.0273,0.001669,1.51,2.53,2013-01-20,"[{'name': 'LOW_SHARPE', 'result': 'PASS', 'limit': 1.58, 'value': 2.53}, {'name': 'LOW_FITNESS', 'result': 'PASS', 'limit': 1.0, 'value': 1.51}, {'name': 'LOW_TURNOVER', 'result': 'PASS', 'limit': 0.01, 'value': 0.0533}, {'name': 'HIGH_TURNOVER', 'result': 'PASS', 'limit': 0.7, 'value': 0.0533}, {'name': 'CONCENTRATED_WEIGHT', 'result': 'PASS'}, {'name': 'LOW_SUB_UNIVERSE_SHARPE', 'result': 'PASS', 'limit': 0.89, 'value': 1.62}, {'name': 'SELF_CORRELATION', 'result': 'PENDING'}, {'name': 'DATA_DIVERSITY', 'result': 'PENDING'}, {'name': 'PROD_CORRELATION', 'result': 'PENDING'}, {'name': 'REGULAR_SUBMISSION', 'result': 'PENDING'}, {'name': 'LOW_2Y_SHARPE', 'result': 'PASS', 'value': 2.46, 'limit': 1.58}, {'result': 'PASS', 'name': 'MATCHES_PYRAMID', 'effective': 1, 'multiplier': 1.4, 'pyramids': [{'name': 'GLB/D1/MODEL', 'multiplier': 1.4}]}, {'result': 'WARNING', 'name': 'MATCHES_THEMES', 'themes': [{'id': 'M4ZY3YD', 'multiplier': 2.0, 'name': 'GLB high turnover Theme'}]}, {'name': 'POWER_POOL_CORRELATION', 'result': 'PENDING'}]",,,,,,,,['GLB/D1/MODEL'],0,,,,,,,,,,,,,,,,,,,,0
Q6G7G9K,REGULAR,JZ45236,EQUITY,GLB,MINVOL1M,1,6,SUBINDUSTRY,0.08,ON,VERIFY,ON,FASTEXPR,False,"group_neutralize(ts_delta(winsorize(ts_backfill(mdl110_score, 120), std=4), 240),densify(sector))",,5,2025-07-19T13:09:29-04:00,,2025-07-19T17:09:32-04:00,model110_glb_2step,False,False,,,['model110_glb_2step'],"[{'id': 'DATA_USAGE:SINGLE_DATA_SET', 'name': 'Single Data Set Alpha'}]",,IS,UNSUBMITTED,7093234,20000000,3198,3168,0.1082,0.0685,0.0365,0.001267,1.89,2.55,2013-01-20,"[{'name': 'LOW_SHARPE', 'result': 'PASS', 'limit': 1.58, 'value': 2.55}, {'name': 'LOW_FITNESS', 'result': 'PASS', 'limit': 1.0, 'value': 1.89}, {'name': 'LOW_TURNOVER', 'result': 'PASS', 'limit': 0.01, 'value': 0.1082}, {'name': 'HIGH_TURNOVER', 'result': 'PASS', 'limit': 0.7, 'value': 0.1082}, {'name': 'CONCENTRATED_WEIGHT', 'result': 'PASS'}, {'name': 'LOW_SUB_UNIVERSE_SHARPE', 'result': 'PASS', 'limit': 0.89, 'value': 1.95}, {'name': 'SELF_CORRELATION', 'result': 'PENDING'}, {'name': 'DATA_DIVERSITY', 'result': 'PENDING'}, {'name': 'PROD_CORRELATION', 'result': 'PENDING'}, {'name': 'REGULAR_SUBMISSION', 'result': 'PENDING'}, {'name': 'LOW_2Y_SHARPE', 'result': 'PASS', 'value': 1.78, 'limit': 1.58}, {'result': 'PASS', 'name': 'MATCHES_PYRAMID', 'effective': 1, 'multiplier': 1.4, 'pyramids': [{'name': 'GLB/D1/MODEL', 'multiplier': 1.4}]}, {'result': 'WARNING', 'name': 'MATCHES_THEMES', 'themes': [{'id': 'M4ZY3YD', 'multiplier': 2.0, 'name': 'GLB high turnover Theme'}]}, {'name': 'POWER_POOL_CORRELATION', 'result': 'PENDING'}]",,,,,,,,['GLB/D1/MODEL'],0,,,,,,,,,,,,,,,,,,,,0
ZNEO7XY,REGULAR,JZ45236,EQUITY,GLB,MINVOL1M,1,6,SUBINDUSTRY,0.08,ON,VERIFY,ON,FASTEXPR,False,"group_neutralize(ts_delta(winsorize(ts_backfill(mdl110_growth, 120), std=4), 240),densify(industry))",,5,2025-07-19T15:16:07-04:00,,2025-07-19T19:16:09-04:00,model110_glb_2step,False,False,,,['model110_glb_2step'],"[{'id': 'DATA_USAGE:SINGLE_DATA_SET', 'name': 'Single Data Set Alpha'}]",,IS,UNSUBMITTED,4593460,20000000,3187,3206,0.0532,0.0444,0.0272,0.001667,1.51,2.53,2013-01-20,"[{'name': 'LOW_SHARPE', 'result': 'PASS', 'limit': 1.58, 'value': 2.53}, {'name': 'LOW_FITNESS', 'result': 'PASS', 'limit': 1.0, 'value': 1.51}, {'name': 'LOW_TURNOVER', 'result': 'PASS', 'limit': 0.01, 'value': 0.0532}, {'name': 'HIGH_TURNOVER', 'result': 'PASS', 'limit': 0.7, 'value': 0.0532}, {'name': 'CONCENTRATED_WEIGHT', 'result': 'PASS'}, {'name': 'LOW_SUB_UNIVERSE_SHARPE', 'result': 'PASS', 'limit': 0.89, 'value': 1.62}, {'name': 'SELF_CORRELATION', 'result': 'PENDING'}, {'name': 'DATA_DIVERSITY', 'result': 'PENDING'}, {'name': 'PROD_CORRELATION', 'result': 'PENDING'}, {'name': 'REGULAR_SUBMISSION', 'result': 'PENDING'}, {'name': 'LOW_2Y_SHARPE', 'result': 'PASS', 'value': 2.39, 'limit': 1.58}, {'result': 'PASS', 'name': 'MATCHES_PYRAMID', 'effective': 1, 'multiplier': 1.4, 'pyramids': [{'name': 'GLB/D1/MODEL', 'multiplier': 1.4}]}, {'result': 'WARNING', 'name': 'MATCHES_THEMES', 'themes': [{'id': 'M4ZY3YD', 'multiplier': 2.0, 'name': 'GLB high turnover Theme'}]}, {'name': 'POWER_POOL_CORRELATION', 'result': 'PENDING'}]",,,,,,,,['GLB/D1/MODEL'],0,,,,,,,,,,,,,,,,,,,,0
KZG1Wvj,REGULAR,JZ45236,EQUITY,GLB,MINVOL1M,1,6,SUBINDUSTRY,0.08,ON,VERIFY,ON,FASTEXPR,False,"group_neutralize(ts_delta(winsorize(ts_backfill(mdl110_growth, 120), std=4), 240),densify(market))",,5,2025-07-19T15:12:31-04:00,,2025-07-19T19:12:32-04:00,model110_glb_2step,False,False,,,['model110_glb_2step'],"[{'id': 'DATA_USAGE:SINGLE_DATA_SET', 'name': 'Single Data Set Alpha'}]",,IS,UNSUBMITTED,4591975,20000000,3187,3206,0.0533,0.0444,0.0273,0.001666,1.51,2.53,2013-01-20,"[{'name': 'LOW_SHARPE', 'result': 'PASS', 'limit': 1.58, 'value': 2.53}, {'name': 'LOW_FITNESS', 'result': 'PASS', 'limit': 1.0, 'value': 1.51}, {'name': 'LOW_TURNOVER', 'result': 'PASS', 'limit': 0.01, 'value': 0.0533}, {'name': 'HIGH_TURNOVER', 'result': 'PASS', 'limit': 0.7, 'value': 0.0533}, {'name': 'CONCENTRATED_WEIGHT', 'result': 'PASS'}, {'name': 'LOW_SUB_UNIVERSE_SHARPE', 'result': 'PASS', 'limit': 0.89, 'value': 1.62}, {'name': 'SELF_CORRELATION', 'result': 'PENDING'}, {'name': 'DATA_DIVERSITY', 'result': 'PENDING'}, {'name': 'PROD_CORRELATION', 'result': 'PENDING'}, {'name': 'REGULAR_SUBMISSION', 'result': 'PENDING'}, {'name': 'LOW_2Y_SHARPE', 'result': 'PASS', 'value': 2.39, 'limit': 1.58}, {'result': 'PASS', 'name': 'MATCHES_PYRAMID', 'effective': 1, 'multiplier': 1.4, 'pyramids': [{'name': 'GLB/D1/MODEL', 'multiplier': 1.4}]}, {'result': 'WARNING', 'name': 'MATCHES_THEMES', 'themes': [{'id': 'M4ZY3YD', 'multiplier': 2.0, 'name': 'GLB high turnover Theme'}]}, {'name': 'POWER_POOL_CORRELATION', 'result': 'PENDING'}]",,,,,,,,['GLB/D1/MODEL'],0,,,,,,,,,,,,,,,,,,,,0
jO6xlQZ,REGULAR,JZ45236,EQUITY,GLB,MINVOL1M,1,6,SUBINDUSTRY,0.08,ON,VERIFY,ON,FASTEXPR,False,"group_scale(rank(winsorize(ts_backfill(mdl110_score, 120), std=4)),densify(oth455_customer_n2v_p10_q50_w4_pca_fact3_cluster_20))",,5,2025-07-19T14:22:37-04:00,,2025-07-19T18:22:40-04:00,model110_glb_2step,False,False,,,['model110_glb_2step'],[],,IS,UNSUBMITTED,7551473,20000000,3078,3059,0.081,0.0729,0.0471,0.0018,1.93,2.53,2013-01-20,"[{'name': 'LOW_SHARPE', 'result': 'PASS', 'limit': 1.58, 'value': 2.53}, {'name': 'LOW_FITNESS', 'result': 'PASS', 'limit': 1.0, 'value': 1.93}, {'name': 'LOW_TURNOVER', 'result': 'PASS', 'limit': 0.01, 'value': 0.081}, {'name': 'HIGH_TURNOVER', 'result': 'PASS', 'limit': 0.7, 'value': 0.081}, {'name': 'CONCENTRATED_WEIGHT', 'result': 'PASS'}, {'name': 'LOW_SUB_UNIVERSE_SHARPE', 'result': 'PASS', 'limit': 0.89, 'value': 1.78}, {'name': 'SELF_CORRELATION', 'result': 'PENDING'}, {'name': 'DATA_DIVERSITY', 'result': 'PENDING'}, {'name': 'PROD_CORRELATION', 'result': 'PENDING'}, {'name': 'REGULAR_SUBMISSION', 'result': 'PENDING'}, {'name': 'IS_LADDER_SHARPE', 'result': 'PASS', 'year': 2, 'startDate': '2023-01-20', 'endDate': '2021-01-21', 'limit': 2.02, 'value': 2.41}, {'result': 'PASS', 'name': 'MATCHES_PYRAMID', 'effective': 2, 'multiplier': 1.4, 'pyramids': [{'name': 'GLB/D1/MODEL', 'multiplier': 1.4}, {'name': 'GLB/D1/OTHER', 'multiplier': 1.6}]}, {'result': 'WARNING', 'name': 'MATCHES_THEMES', 'themes': [{'id': 'M4ZY3YD', 'multiplier': 2.0, 'name': 'GLB high turnover Theme'}]}, {'name': 'POWER_POOL_CORRELATION', 'result': 'PENDING'}]",,,,,,,,"['GLB/D1/MODEL', 'GLB/D1/OTHER']",0,,,,,,,,,,,,,,,,,,,,0
vPjJQK3,REGULAR,JZ45236,EQUITY,GLB,MINVOL1M,1,6,SUBINDUSTRY,0.08,ON,VERIFY,ON,FASTEXPR,False,"group_zscore(ts_quantile(winsorize(ts_backfill(mdl110_score, 120), std=4), 240),densify(bucket(rank(cap), range='0.1, 1, 0.1')))",,7,2025-07-19T17:02:08-04:00,,2025-07-19T21:02:12-04:00,model110_glb_2step,False,False,,,['model110_glb_2step'],[],,IS,UNSUBMITTED,5568069,20000000,3632,3653,0.1272,0.0538,0.0338,0.000846,1.64,2.52,2013-01-20,"[{'name': 'LOW_SHARPE', 'result': 'PASS', 'limit': 1.58, 'value': 2.52}, {'name': 'LOW_FITNESS', 'result': 'PASS', 'limit': 1.0, 'value': 1.64}, {'name': 'LOW_TURNOVER', 'result': 'PASS', 'limit': 0.01, 'value': 0.1272}, {'name': 'HIGH_TURNOVER', 'result': 'PASS', 'limit': 0.7, 'value': 0.1272}, {'name': 'CONCENTRATED_WEIGHT', 'result': 'PASS'}, {'name': 'LOW_SUB_UNIVERSE_SHARPE', 'result': 'PASS', 'limit': 0.88, 'value': 1.49}, {'name': 'SELF_CORRELATION', 'result': 'PENDING'}, {'name': 'DATA_DIVERSITY', 'result': 'PENDING'}, {'name': 'PROD_CORRELATION', 'result': 'PENDING'}, {'name': 'REGULAR_SUBMISSION', 'result': 'PENDING'}, {'name': 'IS_LADDER_SHARPE', 'result': 'WARNING', 'year': 2, 'startDate': '2023-01-20', 'endDate': '2021-01-21', 'limit': 1.58, 'value': 0.88}, {'result': 'PASS', 'name': 'MATCHES_PYRAMID', 'effective': 2, 'multiplier': 1.0, 'pyramids': [{'name': 'GLB/D1/PV', 'multiplier': 1.0}, {'name': 'GLB/D1/MODEL', 'multiplier': 1.4}]}, {'result': 'WARNING', 'name': 'MATCHES_THEMES', 'themes': [{'id': 'M4ZY3YD', 'multiplier': 2.0, 'name': 'GLB high turnover Theme'}]}, {'name': 'POWER_POOL_CORRELATION', 'result': 'PENDING'}]",,,,,,,,"['GLB/D1/PV', 'GLB/D1/MODEL']",0,,,,,,,,,,,,,,,,,,,,0
KZ7w68j,REGULAR,JZ45236,EQUITY,GLB,MINVOL1M,1,6,SUBINDUSTRY,0.08,ON,VERIFY,ON,FASTEXPR,False,"group_zscore(ts_quantile(winsorize(ts_backfill(mdl110_score, 120), std=4), 240),densify(bucket(group_rank(cap,sector),range='0,1,0.1')))",,7,2025-07-19T16:57:57-04:00,,2025-07-19T20:58:06-04:00,model110_glb_2step,False,False,,,['model110_glb_2step'],[],,IS,UNSUBMITTED,5584731,20000000,3632,3654,0.1272,0.0539,0.0351,0.000848,1.64,2.52,2013-01-20,"[{'name': 'LOW_SHARPE', 'result': 'PASS', 'limit': 1.58, 'value': 2.52}, {'name': 'LOW_FITNESS', 'result': 'PASS', 'limit': 1.0, 'value': 1.64}, {'name': 'LOW_TURNOVER', 'result': 'PASS', 'limit': 0.01, 'value': 0.1272}, {'name': 'HIGH_TURNOVER', 'result': 'PASS', 'limit': 0.7, 'value': 0.1272}, {'name': 'CONCENTRATED_WEIGHT', 'result': 'PASS'}, {'name': 'LOW_SUB_UNIVERSE_SHARPE', 'result': 'PASS', 'limit': 0.88, 'value': 1.48}, {'name': 'SELF_CORRELATION', 'result': 'PENDING'}, {'name': 'DATA_DIVERSITY', 'result': 'PENDING'}, {'name': 'PROD_CORRELATION', 'result': 'PENDING'}, {'name': 'REGULAR_SUBMISSION', 'result': 'PENDING'}, {'name': 'IS_LADDER_SHARPE', 'result': 'WARNING', 'year': 2, 'startDate': '2023-01-20', 'endDate': '2021-01-21', 'limit': 1.58, 'value': 0.9}, {'result': 'PASS', 'name': 'MATCHES_PYRAMID', 'effective': 2, 'multiplier': 1.0, 'pyramids': [{'name': 'GLB/D1/PV', 'multiplier': 1.0}, {'name': 'GLB/D1/MODEL', 'multiplier': 1.4}]}, {'result': 'WARNING', 'name': 'MATCHES_THEMES', 'themes': [{'id': 'M4ZY3YD', 'multiplier': 2.0, 'name': 'GLB high turnover Theme'}]}, {'name': 'POWER_POOL_CORRELATION', 'result': 'PENDING'}]",,,,,,,,"['GLB/D1/PV', 'GLB/D1/MODEL']",0,,,,,,,,,,,,,,,,,,,,0
vPj8Ena,REGULAR,JZ45236,EQUITY,GLB,MINVOL1M,1,6,SUBINDUSTRY,0.08,ON,VERIFY,ON,FASTEXPR,False,"group_zscore(ts_delta(winsorize(ts_backfill(mdl110_growth, 120), std=4), 240),densify(bucket(group_rank(cap,sector),range='0,1,0.1')))",,7,2025-07-19T15:44:13-04:00,,2025-07-19T19:44:15-04:00,model110_glb_2step,False,False,,,['model110_glb_2step'],[],,IS,UNSUBMITTED,4605497,20000000,3189,3204,0.0547,0.0445,0.0271,0.001627,1.5,2.52,2013-01-20,"[{'name': 'LOW_SHARPE', 'result': 'PASS', 'limit': 1.58, 'value': 2.52}, {'name': 'LOW_FITNESS', 'result': 'PASS', 'limit': 1.0, 'value': 1.5}, {'name': 'LOW_TURNOVER', 'result': 'PASS', 'limit': 0.01, 'value': 0.0547}, {'name': 'HIGH_TURNOVER', 'result': 'PASS', 'limit': 0.7, 'value': 0.0547}, {'name': 'CONCENTRATED_WEIGHT', 'result': 'PASS'}, {'name': 'LOW_SUB_UNIVERSE_SHARPE', 'result': 'PASS', 'limit': 0.88, 'value': 1.56}, {'name': 'SELF_CORRELATION', 'result': 'PENDING'}, {'name': 'DATA_DIVERSITY', 'result': 'PENDING'}, {'name': 'PROD_CORRELATION', 'result': 'PENDING'}, {'name': 'REGULAR_SUBMISSION', 'result': 'PENDING'}, {'name': 'IS_LADDER_SHARPE', 'result': 'PASS', 'year': 2, 'startDate': '2023-01-20', 'endDate': '2021-01-21', 'limit': 2.02, 'value': 2.53}, {'result': 'PASS', 'name': 'MATCHES_PYRAMID', 'effective': 2, 'multiplier': 1.0, 'pyramids': [{'name': 'GLB/D1/PV', 'multiplier': 1.0}, {'name': 'GLB/D1/MODEL', 'multiplier': 1.4}]}, {'result': 'WARNING', 'name': 'MATCHES_THEMES', 'themes': [{'id': 'M4ZY3YD', 'multiplier': 2.0, 'name': 'GLB high turnover Theme'}]}, {'name': 'POWER_POOL_CORRELATION', 'result': 'PENDING'}]",,,,,,,,"['GLB/D1/PV', 'GLB/D1/MODEL']",0,,,,,,,,,,,,,,,,,,,,0
ExlZkQ0,REGULAR,JZ45236,EQUITY,GLB,MINVOL1M,1,6,SUBINDUSTRY,0.08,ON,VERIFY,ON,FASTEXPR,False,"group_neutralize(ts_delta(winsorize(ts_backfill(mdl110_growth, 120), std=4), 240),densify(oth455_competitor_roam_w2_pca_fact1_cluster_10))",,5,2025-07-19T15:21:37-04:00,,2025-07-19T19:21:40-04:00,model110_glb_2step,False,False,,,['model110_glb_2step'],[],,IS,UNSUBMITTED,4731591,20000000,2682,2707,0.0546,0.0457,0.0231,0.001674,1.52,2.52,2013-01-20,"[{'name': 'LOW_SHARPE', 'result': 'PASS', 'limit': 1.58, 'value': 2.52}, {'name': 'LOW_FITNESS', 'result': 'PASS', 'limit': 1.0, 'value': 1.52}, {'name': 'LOW_TURNOVER', 'result': 'PASS', 'limit': 0.01, 'value': 0.0546}, {'name': 'HIGH_TURNOVER', 'result': 'PASS', 'limit': 0.7, 'value': 0.0546}, {'name': 'CONCENTRATED_WEIGHT', 'result': 'PASS'}, {'name': 'LOW_SUB_UNIVERSE_SHARPE', 'result': 'PASS', 'limit': 0.88, 'value': 1.56}, {'name': 'SELF_CORRELATION', 'result': 'PENDING'}, {'name': 'DATA_DIVERSITY', 'result': 'PENDING'}, {'name': 'PROD_CORRELATION', 'result': 'PENDING'}, {'name': 'REGULAR_SUBMISSION', 'result': 'PENDING'}, {'name': 'IS_LADDER_SHARPE', 'result': 'PASS', 'year': 2, 'startDate': '2023-01-20', 'endDate': '2021-01-21', 'limit': 2.02, 'value': 2.37}, {'result': 'PASS', 'name': 'MATCHES_PYRAMID', 'effective': 2, 'multiplier': 1.4, 'pyramids': [{'name': 'GLB/D1/MODEL', 'multiplier': 1.4}, {'name': 'GLB/D1/OTHER', 'multiplier': 1.6}]}, {'result': 'WARNING', 'name': 'MATCHES_THEMES', 'themes': [{'id': 'M4ZY3YD', 'multiplier': 2.0, 'name': 'GLB high turnover Theme'}]}, {'name': 'POWER_POOL_CORRELATION', 'result': 'PENDING'}]",,,,,,,,"['GLB/D1/MODEL', 'GLB/D1/OTHER']",0,,,,,,,,,,,,,,,,,,,,0
8XlmglV,REGULAR,JZ45236,EQUITY,GLB,MINVOL1M,1,6,SUBINDUSTRY,0.08,ON,VERIFY,ON,FASTEXPR,False,"group_neutralize(ts_delta(winsorize(ts_backfill(mdl110_growth, 120), std=4), 240),densify(pv13_52_minvol_1m_all_delay_1_sector))",,5,2025-07-19T15:20:29-04:00,,2025-07-19T19:20:33-04:00,model110_glb_2step,False,False,,,['model110_glb_2step'],[],,IS,UNSUBMITTED,4232838,20000000,3183,3210,0.0567,0.0409,0.0229,0.001441,1.44,2.52,2013-01-20,"[{'name': 'LOW_SHARPE', 'result': 'PASS', 'limit': 1.58, 'value': 2.52}, {'name': 'LOW_FITNESS', 'result': 'PASS', 'limit': 1.0, 'value': 1.44}, {'name': 'LOW_TURNOVER', 'result': 'PASS', 'limit': 0.01, 'value': 0.0567}, {'name': 'HIGH_TURNOVER', 'result': 'PASS', 'limit': 0.7, 'value': 0.0567}, {'name': 'CONCENTRATED_WEIGHT', 'result': 'PASS'}, {'name': 'LOW_SUB_UNIVERSE_SHARPE', 'result': 'PASS', 'limit': 0.88, 'value': 1.46}, {'name': 'SELF_CORRELATION', 'result': 'PENDING'}, {'name': 'DATA_DIVERSITY', 'result': 'PENDING'}, {'name': 'PROD_CORRELATION', 'result': 'PENDING'}, {'name': 'REGULAR_SUBMISSION', 'result': 'PENDING'}, {'name': 'IS_LADDER_SHARPE', 'result': 'PASS', 'year': 2, 'startDate': '2023-01-20', 'endDate': '2021-01-21', 'limit': 2.02, 'value': 2.17}, {'result': 'PASS', 'name': 'MATCHES_PYRAMID', 'effective': 2, 'multiplier': 1.0, 'pyramids': [{'name': 'GLB/D1/PV', 'multiplier': 1.0}, {'name': 'GLB/D1/MODEL', 'multiplier': 1.4}]}, {'result': 'WARNING', 'name': 'MATCHES_THEMES', 'themes': [{'id': 'M4ZY3YD', 'multiplier': 2.0, 'name': 'GLB high turnover Theme'}]}, {'name': 'POWER_POOL_CORRELATION', 'result': 'PENDING'}]",,,,,,,,"['GLB/D1/PV', 'GLB/D1/MODEL']",0,,,,,,,,,,,,,,,,,,,,0
bAjYY76,REGULAR,JZ45236,EQUITY,GLB,MINVOL1M,1,6,SUBINDUSTRY,0.08,ON,VERIFY,ON,FASTEXPR,False,"group_neutralize(ts_delta(winsorize(ts_backfill(mdl110_growth, 120), std=4), 240),densify(pv13_52_minvol_1m_sector))",,5,2025-07-19T15:18:58-04:00,,2025-07-19T19:19:03-04:00,model110_glb_2step,False,False,,,['model110_glb_2step'],[],,IS,UNSUBMITTED,4245707,20000000,3183,3210,0.0567,0.041,0.0242,0.001447,1.44,2.52,2013-01-20,"[{'name': 'LOW_SHARPE', 'result': 'PASS', 'limit': 1.58, 'value': 2.52}, {'name': 'LOW_FITNESS', 'result': 'PASS', 'limit': 1.0, 'value': 1.44}, {'name': 'LOW_TURNOVER', 'result': 'PASS', 'limit': 0.01, 'value': 0.0567}, {'name': 'HIGH_TURNOVER', 'result': 'PASS', 'limit': 0.7, 'value': 0.0567}, {'name': 'CONCENTRATED_WEIGHT', 'result': 'PASS'}, {'name': 'LOW_SUB_UNIVERSE_SHARPE', 'result': 'PASS', 'limit': 0.88, 'value': 1.45}, {'name': 'SELF_CORRELATION', 'result': 'PENDING'}, {'name': 'DATA_DIVERSITY', 'result': 'PENDING'}, {'name': 'PROD_CORRELATION', 'result': 'PENDING'}, {'name': 'REGULAR_SUBMISSION', 'result': 'PENDING'}, {'name': 'IS_LADDER_SHARPE', 'result': 'PASS', 'year': 2, 'startDate': '2023-01-20', 'endDate': '2021-01-21', 'limit': 2.02, 'value': 2.15}, {'result': 'PASS', 'name': 'MATCHES_PYRAMID', 'effective': 2, 'multiplier': 1.0, 'pyramids': [{'name': 'GLB/D1/PV', 'multiplier': 1.0}, {'name': 'GLB/D1/MODEL', 'multiplier': 1.4}]}, {'result': 'WARNING', 'name': 'MATCHES_THEMES', 'themes': [{'id': 'M4ZY3YD', 'multiplier': 2.0, 'name': 'GLB high turnover Theme'}]}, {'name': 'POWER_POOL_CORRELATION', 'result': 'PENDING'}]",,,,,,,,"['GLB/D1/PV', 'GLB/D1/MODEL']",0,,,,,,,,,,,,,,,,,,,,0
3JpvR70,REGULAR,JZ45236,EQUITY,GLB,MINVOL1M,1,6,SUBINDUSTRY,0.08,ON,VERIFY,ON,FASTEXPR,False,"group_rank(normalize(winsorize(ts_backfill(mdl110_score, 120), std=4)),densify(pv13_52_minvol_1m_all_delay_1_sector))",,5,2025-07-19T14:50:00-04:00,,2025-07-19T18:50:03-04:00,model110_glb_2step,False,False,,,['model110_glb_2step'],[],,IS,UNSUBMITTED,6865771,20000000,4170,4515,0.0763,0.0663,0.0372,0.001739,1.84,2.52,2013-01-20,"[{'name': 'LOW_SHARPE', 'result': 'PASS', 'limit': 1.58, 'value': 2.52}, {'name': 'LOW_FITNESS', 'result': 'PASS', 'limit': 1.0, 'value': 1.84}, {'name': 'LOW_TURNOVER', 'result': 'PASS', 'limit': 0.01, 'value': 0.0763}, {'name': 'HIGH_TURNOVER', 'result': 'PASS', 'limit': 0.7, 'value': 0.0763}, {'name': 'CONCENTRATED_WEIGHT', 'result': 'PASS'}, {'name': 'LOW_SUB_UNIVERSE_SHARPE', 'result': 'PASS', 'limit': 0.88, 'value': 2.15}, {'name': 'SELF_CORRELATION', 'result': 'PENDING'}, {'name': 'DATA_DIVERSITY', 'result': 'PENDING'}, {'name': 'PROD_CORRELATION', 'result': 'PENDING'}, {'name': 'REGULAR_SUBMISSION', 'result': 'PENDING'}, {'name': 'IS_LADDER_SHARPE', 'result': 'PASS', 'year': 2, 'startDate': '2023-01-20', 'endDate': '2021-01-21', 'limit': 2.02, 'value': 2.83}, {'result': 'PASS', 'name': 'MATCHES_PYRAMID', 'effective': 2, 'multiplier': 1.0, 'pyramids': [{'name': 'GLB/D1/PV', 'multiplier': 1.0}, {'name': 'GLB/D1/MODEL', 'multiplier': 1.4}]}, {'result': 'WARNING', 'name': 'MATCHES_THEMES', 'themes': [{'id': 'M4ZY3YD', 'multiplier': 2.0, 'name': 'GLB high turnover Theme'}]}, {'name': 'POWER_POOL_CORRELATION', 'result': 'PENDING'}]",,,,,,,,"['GLB/D1/PV', 'GLB/D1/MODEL']",0,,,,,,,,,,,,,,,,,,,,0
dvZrQkK,REGULAR,JZ45236,EQUITY,GLB,MINVOL1M,1,6,SUBINDUSTRY,0.08,ON,VERIFY,ON,FASTEXPR,False,"group_rank(normalize(winsorize(ts_backfill(mdl110_score, 120), std=4)),densify(pv13_52_minvol_1m_sector))",,5,2025-07-19T14:49:38-04:00,,2025-07-19T18:49:40-04:00,model110_glb_2step,False,False,,,['model110_glb_2step'],[],,IS,UNSUBMITTED,6842431,20000000,4172,4517,0.0762,0.0661,0.0363,0.001734,1.83,2.52,2013-01-20,"[{'name': 'LOW_SHARPE', 'result': 'PASS', 'limit': 1.58, 'value': 2.52}, {'name': 'LOW_FITNESS', 'result': 'PASS', 'limit': 1.0, 'value': 1.83}, {'name': 'LOW_TURNOVER', 'result': 'PASS', 'limit': 0.01, 'value': 0.0762}, {'name': 'HIGH_TURNOVER', 'result': 'PASS', 'limit': 0.7, 'value': 0.0762}, {'name': 'CONCENTRATED_WEIGHT', 'result': 'PASS'}, {'name': 'LOW_SUB_UNIVERSE_SHARPE', 'result': 'PASS', 'limit': 0.88, 'value': 2.17}, {'name': 'SELF_CORRELATION', 'result': 'PENDING'}, {'name': 'DATA_DIVERSITY', 'result': 'PENDING'}, {'name': 'PROD_CORRELATION', 'result': 'PENDING'}, {'name': 'REGULAR_SUBMISSION', 'result': 'PENDING'}, {'name': 'IS_LADDER_SHARPE', 'result': 'PASS', 'year': 2, 'startDate': '2023-01-20', 'endDate': '2021-01-21', 'limit': 2.02, 'value': 2.83}, {'result': 'PASS', 'name': 'MATCHES_PYRAMID', 'effective': 2, 'multiplier': 1.0, 'pyramids': [{'name': 'GLB/D1/PV', 'multiplier': 1.0}, {'name': 'GLB/D1/MODEL', 'multiplier': 1.4}]}, {'result': 'WARNING', 'name': 'MATCHES_THEMES', 'themes': [{'id': 'M4ZY3YD', 'multiplier': 2.0, 'name': 'GLB high turnover Theme'}]}, {'name': 'POWER_POOL_CORRELATION', 'result': 'PENDING'}]",,,,,,,,"['GLB/D1/PV', 'GLB/D1/MODEL']",0,,,,,,,,,,,,,,,,,,,,0
L3Gmgv9,REGULAR,JZ45236,EQUITY,GLB,MINVOL1M,1,6,SUBINDUSTRY,0.08,ON,VERIFY,ON,FASTEXPR,False,"group_rank(rank(winsorize(ts_backfill(mdl110_score, 120), std=4)),densify(pv13_52_minvol_1m_sector))",,5,2025-07-19T14:10:09-04:00,,2025-07-19T18:10:11-04:00,model110_glb_2step,False,False,,,['model110_glb_2step'],[],,IS,UNSUBMITTED,6838004,20000000,4171,4519,0.0759,0.0661,0.0363,0.00174,1.83,2.52,2013-01-20,"[{'name': 'LOW_SHARPE', 'result': 'PASS', 'limit': 1.58, 'value': 2.52}, {'name': 'LOW_FITNESS', 'result': 'PASS', 'limit': 1.0, 'value': 1.83}, {'name': 'LOW_TURNOVER', 'result': 'PASS', 'limit': 0.01, 'value': 0.0759}, {'name': 'HIGH_TURNOVER', 'result': 'PASS', 'limit': 0.7, 'value': 0.0759}, {'name': 'CONCENTRATED_WEIGHT', 'result': 'PASS'}, {'name': 'LOW_SUB_UNIVERSE_SHARPE', 'result': 'PASS', 'limit': 0.88, 'value': 2.17}, {'name': 'SELF_CORRELATION', 'result': 'PENDING'}, {'name': 'DATA_DIVERSITY', 'result': 'PENDING'}, {'name': 'PROD_CORRELATION', 'result': 'PENDING'}, {'name': 'REGULAR_SUBMISSION', 'result': 'PENDING'}, {'name': 'IS_LADDER_SHARPE', 'result': 'PASS', 'year': 2, 'startDate': '2023-01-20', 'endDate': '2021-01-21', 'limit': 2.02, 'value': 2.84}, {'result': 'PASS', 'name': 'MATCHES_PYRAMID', 'effective': 2, 'multiplier': 1.0, 'pyramids': [{'name': 'GLB/D1/PV', 'multiplier': 1.0}, {'name': 'GLB/D1/MODEL', 'multiplier': 1.4}]}, {'result': 'WARNING', 'name': 'MATCHES_THEMES', 'themes': [{'id': 'M4ZY3YD', 'multiplier': 2.0, 'name': 'GLB high turnover Theme'}]}, {'name': 'POWER_POOL_CORRELATION', 'result': 'PENDING'}]",,,,,,,,"['GLB/D1/PV', 'GLB/D1/MODEL']",0,,,,,,,,,,,,,,,,,,,,0
05pNK61,REGULAR,JZ45236,EQUITY,GLB,MINVOL1M,1,6,SUBINDUSTRY,0.08,ON,VERIFY,ON,FASTEXPR,False,"group_rank(rank(winsorize(ts_backfill(mdl110_score, 120), std=4)),densify(pv13_52_minvol_1m_all_delay_1_sector))",,5,2025-07-19T14:09:59-04:00,,2025-07-19T18:10:01-04:00,model110_glb_2step,False,False,,,['model110_glb_2step'],[],,IS,UNSUBMITTED,6863638,20000000,4168,4516,0.076,0.0663,0.0372,0.001745,1.84,2.52,2013-01-20,"[{'name': 'LOW_SHARPE', 'result': 'PASS', 'limit': 1.58, 'value': 2.52}, {'name': 'LOW_FITNESS', 'result': 'PASS', 'limit': 1.0, 'value': 1.84}, {'name': 'LOW_TURNOVER', 'result': 'PASS', 'limit': 0.01, 'value': 0.076}, {'name': 'HIGH_TURNOVER', 'result': 'PASS', 'limit': 0.7, 'value': 0.076}, {'name': 'CONCENTRATED_WEIGHT', 'result': 'PASS'}, {'name': 'LOW_SUB_UNIVERSE_SHARPE', 'result': 'PASS', 'limit': 0.88, 'value': 2.15}, {'name': 'SELF_CORRELATION', 'result': 'PENDING'}, {'name': 'DATA_DIVERSITY', 'result': 'PENDING'}, {'name': 'PROD_CORRELATION', 'result': 'PENDING'}, {'name': 'REGULAR_SUBMISSION', 'result': 'PENDING'}, {'name': 'IS_LADDER_SHARPE', 'result': 'PASS', 'year': 2, 'startDate': '2023-01-20', 'endDate': '2021-01-21', 'limit': 2.02, 'value': 2.84}, {'result': 'PASS', 'name': 'MATCHES_PYRAMID', 'effective': 2, 'multiplier': 1.0, 'pyramids': [{'name': 'GLB/D1/PV', 'multiplier': 1.0}, {'name': 'GLB/D1/MODEL', 'multiplier': 1.4}]}, {'result': 'WARNING', 'name': 'MATCHES_THEMES', 'themes': [{'id': 'M4ZY3YD', 'multiplier': 2.0, 'name': 'GLB high turnover Theme'}]}, {'name': 'POWER_POOL_CORRELATION', 'result': 'PENDING'}]",,,,,,,,"['GLB/D1/PV', 'GLB/D1/MODEL']",0,,,,,,,,,,,,,,,,,,,,0
6Npd895,REGULAR,JZ45236,EQUITY,GLB,MINVOL1M,1,6,SUBINDUSTRY,0.08,ON,VERIFY,ON,FASTEXPR,False,"group_scale(ts_delta(winsorize(ts_backfill(mdl110_score, 120), std=4), 240),densify(oth455_relation_n2v_p10_q200_w2_kmeans_cluster_5))",,5,2025-07-19T13:40:47-04:00,,2025-07-19T17:40:51-04:00,model110_glb_2step,False,False,,,['model110_glb_2step'],[],,IS,UNSUBMITTED,6086802,20000000,3130,3114,0.1189,0.0588,0.0328,0.000989,1.73,2.52,2013-01-20,"[{'name': 'LOW_SHARPE', 'result': 'PASS', 'limit': 1.58, 'value': 2.52}, {'name': 'LOW_FITNESS', 'result': 'PASS', 'limit': 1.0, 'value': 1.73}, {'name': 'LOW_TURNOVER', 'result': 'PASS', 'limit': 0.01, 'value': 0.1189}, {'name': 'HIGH_TURNOVER', 'result': 'PASS', 'limit': 0.7, 'value': 0.1189}, {'name': 'CONCENTRATED_WEIGHT', 'result': 'PASS'}, {'name': 'LOW_SUB_UNIVERSE_SHARPE', 'result': 'PASS', 'limit': 0.88, 'value': 1.69}, {'name': 'SELF_CORRELATION', 'result': 'PENDING'}, {'name': 'DATA_DIVERSITY', 'result': 'PENDING'}, {'name': 'PROD_CORRELATION', 'result': 'PENDING'}, {'name': 'REGULAR_SUBMISSION', 'result': 'PENDING'}, {'name': 'IS_LADDER_SHARPE', 'result': 'WARNING', 'year': 4, 'startDate': '2023-01-20', 'endDate': '2019-01-21', 'limit': 1.58, 'value': 1.51}, {'result': 'PASS', 'name': 'MATCHES_PYRAMID', 'effective': 2, 'multiplier': 1.4, 'pyramids': [{'name': 'GLB/D1/MODEL', 'multiplier': 1.4}, {'name': 'GLB/D1/OTHER', 'multiplier': 1.6}]}, {'result': 'WARNING', 'name': 'MATCHES_THEMES', 'themes': [{'id': 'M4ZY3YD', 'multiplier': 2.0, 'name': 'GLB high turnover Theme'}]}, {'name': 'POWER_POOL_CORRELATION', 'result': 'PENDING'}]",,,,,,,,"['GLB/D1/MODEL', 'GLB/D1/OTHER']",0,,,,,,,,,,,,,,,,,,,,0
6NpweJJ,REGULAR,JZ45236,EQUITY,GLB,MINVOL1M,1,6,SUBINDUSTRY,0.08,ON,VERIFY,ON,FASTEXPR,False,"group_rank(winsorize(ts_backfill(mdl110_score, 120), std=4),densify(pv13_52_minvol_1m_sector))",,4,2025-07-19T12:41:59-04:00,,2025-07-19T16:42:03-04:00,model110_glb_2step,False,False,,,['model110_glb_2step'],[],,IS,UNSUBMITTED,6838004,20000000,4171,4519,0.0759,0.0661,0.0363,0.00174,1.83,2.52,2013-01-20,"[{'name': 'LOW_SHARPE', 'result': 'PASS', 'limit': 1.58, 'value': 2.52}, {'name': 'LOW_FITNESS', 'result': 'PASS', 'limit': 1.0, 'value': 1.83}, {'name': 'LOW_TURNOVER', 'result': 'PASS', 'limit': 0.01, 'value': 0.0759}, {'name': 'HIGH_TURNOVER', 'result': 'PASS', 'limit': 0.7, 'value': 0.0759}, {'name': 'CONCENTRATED_WEIGHT', 'result': 'PASS'}, {'name': 'LOW_SUB_UNIVERSE_SHARPE', 'result': 'PASS', 'limit': 0.88, 'value': 2.17}, {'name': 'SELF_CORRELATION', 'result': 'PENDING'}, {'name': 'DATA_DIVERSITY', 'result': 'PENDING'}, {'name': 'PROD_CORRELATION', 'result': 'PENDING'}, {'name': 'REGULAR_SUBMISSION', 'result': 'PENDING'}, {'name': 'IS_LADDER_SHARPE', 'result': 'PASS', 'year': 2, 'startDate': '2023-01-20', 'endDate': '2021-01-21', 'limit': 2.02, 'value': 2.84}, {'result': 'PASS', 'name': 'MATCHES_PYRAMID', 'effective': 2, 'multiplier': 1.0, 'pyramids': [{'name': 'GLB/D1/PV', 'multiplier': 1.0}, {'name': 'GLB/D1/MODEL', 'multiplier': 1.4}]}, {'result': 'WARNING', 'name': 'MATCHES_THEMES', 'themes': [{'id': 'M4ZY3YD', 'multiplier': 2.0, 'name': 'GLB high turnover Theme'}]}, {'name': 'POWER_POOL_CORRELATION', 'result': 'PENDING'}]",,,,,,,,"['GLB/D1/PV', 'GLB/D1/MODEL']",0,,,,,,,,,,,,,,,,,,,,0
vPNLmmd,REGULAR,JZ45236,EQUITY,GLB,MINVOL1M,1,6,SUBINDUSTRY,0.08,ON,VERIFY,ON,FASTEXPR,False,"group_rank(winsorize(ts_backfill(mdl110_score, 120), std=4),densify(pv13_52_minvol_1m_all_delay_1_sector))",,4,2025-07-19T12:41:26-04:00,,2025-07-19T16:41:28-04:00,model110_glb_2step,False,False,,,['model110_glb_2step'],[],,IS,UNSUBMITTED,6863638,20000000,4168,4516,0.076,0.0663,0.0372,0.001745,1.84,2.52,2013-01-20,"[{'name': 'LOW_SHARPE', 'result': 'PASS', 'limit': 1.58, 'value': 2.52}, {'name': 'LOW_FITNESS', 'result': 'PASS', 'limit': 1.0, 'value': 1.84}, {'name': 'LOW_TURNOVER', 'result': 'PASS', 'limit': 0.01, 'value': 0.076}, {'name': 'HIGH_TURNOVER', 'result': 'PASS', 'limit': 0.7, 'value': 0.076}, {'name': 'CONCENTRATED_WEIGHT', 'result': 'PASS'}, {'name': 'LOW_SUB_UNIVERSE_SHARPE', 'result': 'PASS', 'limit': 0.88, 'value': 2.15}, {'name': 'SELF_CORRELATION', 'result': 'PENDING'}, {'name': 'DATA_DIVERSITY', 'result': 'PENDING'}, {'name': 'PROD_CORRELATION', 'result': 'PENDING'}, {'name': 'REGULAR_SUBMISSION', 'result': 'PENDING'}, {'name': 'IS_LADDER_SHARPE', 'result': 'PASS', 'year': 2, 'startDate': '2023-01-20', 'endDate': '2021-01-21', 'limit': 2.02, 'value': 2.84}, {'result': 'PASS', 'name': 'MATCHES_PYRAMID', 'effective': 2, 'multiplier': 1.0, 'pyramids': [{'name': 'GLB/D1/PV', 'multiplier': 1.0}, {'name': 'GLB/D1/MODEL', 'multiplier': 1.4}]}, {'result': 'WARNING', 'name': 'MATCHES_THEMES', 'themes': [{'id': 'M4ZY3YD', 'multiplier': 2.0, 'name': 'GLB high turnover Theme'}]}, {'name': 'POWER_POOL_CORRELATION', 'result': 'PENDING'}]",,,,,,,,"['GLB/D1/PV', 'GLB/D1/MODEL']",0,,,,,,,,,,,,,,,,,,,,0
OgG9NZ7,REGULAR,JZ45236,EQUITY,GLB,MINVOL1M,1,6,SUBINDUSTRY,0.08,ON,VERIFY,ON,FASTEXPR,False,"group_neutralize(winsorize(ts_backfill(mdl110_score, 120), std=4),densify(oth455_competitor_roam_w2_pca_fact1_cluster_10))",,4,2025-07-19T12:35:41-04:00,,2025-07-19T16:35:45-04:00,model110_glb_2step,False,False,,,['model110_glb_2step'],[],,IS,UNSUBMITTED,8992371,20000000,3041,2879,0.0901,0.0869,0.0516,0.001928,2.1,2.52,2013-01-20,"[{'name': 'LOW_SHARPE', 'result': 'PASS', 'limit': 1.58, 'value': 2.52}, {'name': 'LOW_FITNESS', 'result': 'PASS', 'limit': 1.0, 'value': 2.1}, {'name': 'LOW_TURNOVER', 'result': 'PASS', 'limit': 0.01, 'value': 0.0901}, {'name': 'HIGH_TURNOVER', 'result': 'PASS', 'limit': 0.7, 'value': 0.0901}, {'name': 'CONCENTRATED_WEIGHT', 'result': 'PASS'}, {'name': 'LOW_SUB_UNIVERSE_SHARPE', 'result': 'PASS', 'limit': 0.88, 'value': 1.84}, {'name': 'SELF_CORRELATION', 'result': 'PENDING'}, {'name': 'DATA_DIVERSITY', 'result': 'PENDING'}, {'name': 'PROD_CORRELATION', 'result': 'PENDING'}, {'name': 'REGULAR_SUBMISSION', 'result': 'PENDING'}, {'name': 'IS_LADDER_SHARPE', 'result': 'PASS', 'year': 2, 'startDate': '2023-01-20', 'endDate': '2021-01-21', 'limit': 2.02, 'value': 2.02}, {'result': 'PASS', 'name': 'MATCHES_PYRAMID', 'effective': 2, 'multiplier': 1.4, 'pyramids': [{'name': 'GLB/D1/MODEL', 'multiplier': 1.4}, {'name': 'GLB/D1/OTHER', 'multiplier': 1.6}]}, {'result': 'WARNING', 'name': 'MATCHES_THEMES', 'themes': [{'id': 'M4ZY3YD', 'multiplier': 2.0, 'name': 'GLB high turnover Theme'}]}, {'name': 'POWER_POOL_CORRELATION', 'result': 'PENDING'}]",,,,,,,,"['GLB/D1/MODEL', 'GLB/D1/OTHER']",0,,,,,,,,,,,,,,,,,,,,0
VeGldP5,REGULAR,JZ45236,EQUITY,GLB,MINVOL1M,1,6,SUBINDUSTRY,0.08,ON,VERIFY,ON,FASTEXPR,False,"group_rank(quantile(winsorize(ts_backfill(mdl110_score, 120), std=4)),densify(pv13_52_minvol_1m_sector))",,5,2025-07-19T12:01:21-04:00,,2025-07-19T16:01:24-04:00,model110_glb_2step,False,False,,,['model110_glb_2step'],[],,IS,UNSUBMITTED,6838004,20000000,4171,4519,0.0759,0.0661,0.0363,0.00174,1.83,2.52,2013-01-20,"[{'name': 'LOW_SHARPE', 'result': 'PASS', 'limit': 1.58, 'value': 2.52}, {'name': 'LOW_FITNESS', 'result': 'PASS', 'limit': 1.0, 'value': 1.83}, {'name': 'LOW_TURNOVER', 'result': 'PASS', 'limit': 0.01, 'value': 0.0759}, {'name': 'HIGH_TURNOVER', 'result': 'PASS', 'limit': 0.7, 'value': 0.0759}, {'name': 'CONCENTRATED_WEIGHT', 'result': 'PASS'}, {'name': 'LOW_SUB_UNIVERSE_SHARPE', 'result': 'PASS', 'limit': 0.88, 'value': 2.17}, {'name': 'SELF_CORRELATION', 'result': 'PENDING'}, {'name': 'DATA_DIVERSITY', 'result': 'PENDING'}, {'name': 'PROD_CORRELATION', 'result': 'PENDING'}, {'name': 'REGULAR_SUBMISSION', 'result': 'PENDING'}, {'name': 'IS_LADDER_SHARPE', 'result': 'PASS', 'year': 2, 'startDate': '2023-01-20', 'endDate': '2021-01-21', 'limit': 2.02, 'value': 2.84}, {'result': 'PASS', 'name': 'MATCHES_PYRAMID', 'effective': 2, 'multiplier': 1.0, 'pyramids': [{'name': 'GLB/D1/PV', 'multiplier': 1.0}, {'name': 'GLB/D1/MODEL', 'multiplier': 1.4}]}, {'result': 'WARNING', 'name': 'MATCHES_THEMES', 'themes': [{'id': 'M4ZY3YD', 'multiplier': 2.0, 'name': 'GLB high turnover Theme'}]}, {'name': 'POWER_POOL_CORRELATION', 'result': 'PENDING'}]",,,,,,,,"['GLB/D1/PV', 'GLB/D1/MODEL']",0,,,,,,,,,,,,,,,,,,,,0
nrNz2Ed,REGULAR,JZ45236,EQUITY,GLB,MINVOL1M,1,6,SUBINDUSTRY,0.08,ON,VERIFY,ON,FASTEXPR,False,"group_rank(quantile(winsorize(ts_backfill(mdl110_score, 120), std=4)),densify(pv13_52_minvol_1m_all_delay_1_sector))",,5,2025-07-19T12:00:21-04:00,,2025-07-19T16:00:23-04:00,model110_glb_2step,False,False,,,['model110_glb_2step'],[],,IS,UNSUBMITTED,6863638,20000000,4168,4516,0.076,0.0663,0.0372,0.001745,1.84,2.52,2013-01-20,"[{'name': 'LOW_SHARPE', 'result': 'PASS', 'limit': 1.58, 'value': 2.52}, {'name': 'LOW_FITNESS', 'result': 'PASS', 'limit': 1.0, 'value': 1.84}, {'name': 'LOW_TURNOVER', 'result': 'PASS', 'limit': 0.01, 'value': 0.076}, {'name': 'HIGH_TURNOVER', 'result': 'PASS', 'limit': 0.7, 'value': 0.076}, {'name': 'CONCENTRATED_WEIGHT', 'result': 'PASS'}, {'name': 'LOW_SUB_UNIVERSE_SHARPE', 'result': 'PASS', 'limit': 0.88, 'value': 2.15}, {'name': 'SELF_CORRELATION', 'result': 'PENDING'}, {'name': 'DATA_DIVERSITY', 'result': 'PENDING'}, {'name': 'PROD_CORRELATION', 'result': 'PENDING'}, {'name': 'REGULAR_SUBMISSION', 'result': 'PENDING'}, {'name': 'IS_LADDER_SHARPE', 'result': 'PASS', 'year': 2, 'startDate': '2023-01-20', 'endDate': '2021-01-21', 'limit': 2.02, 'value': 2.84}, {'result': 'PASS', 'name': 'MATCHES_PYRAMID', 'effective': 2, 'multiplier': 1.0, 'pyramids': [{'name': 'GLB/D1/PV', 'multiplier': 1.0}, {'name': 'GLB/D1/MODEL', 'multiplier': 1.4}]}, {'result': 'WARNING', 'name': 'MATCHES_THEMES', 'themes': [{'id': 'M4ZY3YD', 'multiplier': 2.0, 'name': 'GLB high turnover Theme'}]}, {'name': 'POWER_POOL_CORRELATION', 'result': 'PENDING'}]",,,,,,,,"['GLB/D1/PV', 'GLB/D1/MODEL']",0,,,,,,,,,,,,,,,,,,,,0
AEGdlGl,REGULAR,JZ45236,EQUITY,GLB,MINVOL1M,1,6,SUBINDUSTRY,0.08,ON,VERIFY,ON,FASTEXPR,False,"group_rank(zscore(winsorize(ts_backfill(mdl110_score, 120), std=4)),densify(pv13_52_minvol_1m_all_delay_1_sector))",,5,2025-07-19T11:18:56-04:00,,2025-07-19T15:19:01-04:00,model110_glb_2step,False,False,,,['model110_glb_2step'],[],,IS,UNSUBMITTED,6866713,20000000,4170,4515,0.0763,0.0663,0.0372,0.001739,1.84,2.52,2013-01-20,"[{'name': 'LOW_SHARPE', 'result': 'PASS', 'limit': 1.58, 'value': 2.52}, {'name': 'LOW_FITNESS', 'result': 'PASS', 'limit': 1.0, 'value': 1.84}, {'name': 'LOW_TURNOVER', 'result': 'PASS', 'limit': 0.01, 'value': 0.0763}, {'name': 'HIGH_TURNOVER', 'result': 'PASS', 'limit': 0.7, 'value': 0.0763}, {'name': 'CONCENTRATED_WEIGHT', 'result': 'PASS'}, {'name': 'LOW_SUB_UNIVERSE_SHARPE', 'result': 'PASS', 'limit': 0.88, 'value': 2.15}, {'name': 'SELF_CORRELATION', 'result': 'PENDING'}, {'name': 'DATA_DIVERSITY', 'result': 'PENDING'}, {'name': 'PROD_CORRELATION', 'result': 'PENDING'}, {'name': 'REGULAR_SUBMISSION', 'result': 'PENDING'}, {'name': 'IS_LADDER_SHARPE', 'result': 'PASS', 'year': 2, 'startDate': '2023-01-20', 'endDate': '2021-01-21', 'limit': 2.02, 'value': 2.83}, {'result': 'PASS', 'name': 'MATCHES_PYRAMID', 'effective': 2, 'multiplier': 1.0, 'pyramids': [{'name': 'GLB/D1/PV', 'multiplier': 1.0}, {'name': 'GLB/D1/MODEL', 'multiplier': 1.4}]}, {'result': 'WARNING', 'name': 'MATCHES_THEMES', 'themes': [{'id': 'M4ZY3YD', 'multiplier': 2.0, 'name': 'GLB high turnover Theme'}]}, {'name': 'POWER_POOL_CORRELATION', 'result': 'PENDING'}]",,,,,,,,"['GLB/D1/PV', 'GLB/D1/MODEL']",0,,,,,,,,,,,,,,,,,,,,0
k9ZNvjk,REGULAR,JZ45236,EQUITY,GLB,MINVOL1M,1,6,SUBINDUSTRY,0.08,ON,VERIFY,ON,FASTEXPR,False,"ts_sum(winsorize(ts_backfill(mdl110_score, 120), std=4), 5)",,3,2025-07-19T08:42:25-04:00,,2025-07-19T12:42:29-04:00,model110_glb_1step,False,False,,,['model110_glb_1step'],"[{'id': 'DATA_USAGE:SINGLE_DATA_SET', 'name': 'Single Data Set Alpha'}]",,IS,UNSUBMITTED,8117830,20000000,4565,4125,0.0703,0.0784,0.0629,0.002232,2.0,2.52,2013-01-20,"[{'name': 'LOW_SHARPE', 'result': 'PASS', 'limit': 1.58, 'value': 2.52}, {'name': 'LOW_FITNESS', 'result': 'PASS', 'limit': 1.0, 'value': 2.0}, {'name': 'LOW_TURNOVER', 'result': 'PASS', 'limit': 0.01, 'value': 0.0703}, {'name': 'HIGH_TURNOVER', 'result': 'PASS', 'limit': 0.7, 'value': 0.0703}, {'name': 'CONCENTRATED_WEIGHT', 'result': 'PASS'}, {'name': 'LOW_SUB_UNIVERSE_SHARPE', 'result': 'PASS', 'limit': 0.88, 'value': 1.83}, {'name': 'SELF_CORRELATION', 'result': 'PENDING'}, {'name': 'DATA_DIVERSITY', 'result': 'PENDING'}, {'name': 'PROD_CORRELATION', 'result': 'PENDING'}, {'name': 'REGULAR_SUBMISSION', 'result': 'PENDING'}, {'name': 'LOW_2Y_SHARPE', 'result': 'WARNING', 'value': 1.53, 'limit': 1.58}, {'result': 'PASS', 'name': 'MATCHES_PYRAMID', 'effective': 1, 'multiplier': 1.4, 'pyramids': [{'name': 'GLB/D1/MODEL', 'multiplier': 1.4}]}, {'result': 'WARNING', 'name': 'MATCHES_THEMES', 'themes': [{'id': 'M4ZY3YD', 'multiplier': 2.0, 'name': 'GLB high turnover Theme'}]}, {'name': 'POWER_POOL_CORRELATION', 'result': 'PENDING'}]",,,,,,,,['GLB/D1/MODEL'],0,,,,,,,,,,,,,,,,,,,,0
bAj2Epm,REGULAR,JZ45236,EQUITY,GLB,MINVOL1M,1,6,SUBINDUSTRY,0.08,ON,VERIFY,ON,FASTEXPR,False,"group_neutralize(ts_quantile(winsorize(ts_backfill(mdl110_score, 120), std=4), 240),densify(bucket(group_rank(cap,sector),range='0,1,0.1')))",,7,2025-07-19T16:31:25-04:00,,2025-07-19T20:31:29-04:00,model110_glb_2step,False,False,,,['model110_glb_2step'],[],,IS,UNSUBMITTED,5575606,20000000,3632,3653,0.1272,0.0539,0.0354,0.000847,1.63,2.51,2013-01-20,"[{'name': 'LOW_SHARPE', 'result': 'PASS', 'limit': 1.58, 'value': 2.51}, {'name': 'LOW_FITNESS', 'result': 'PASS', 'limit': 1.0, 'value': 1.63}, {'name': 'LOW_TURNOVER', 'result': 'PASS', 'limit': 0.01, 'value': 0.1272}, {'name': 'HIGH_TURNOVER', 'result': 'PASS', 'limit': 0.7, 'value': 0.1272}, {'name': 'CONCENTRATED_WEIGHT', 'result': 'PASS'}, {'name': 'LOW_SUB_UNIVERSE_SHARPE', 'result': 'PASS', 'limit': 0.88, 'value': 1.48}, {'name': 'SELF_CORRELATION', 'result': 'PENDING'}, {'name': 'DATA_DIVERSITY', 'result': 'PENDING'}, {'name': 'PROD_CORRELATION', 'result': 'PENDING'}, {'name': 'REGULAR_SUBMISSION', 'result': 'PENDING'}, {'name': 'IS_LADDER_SHARPE', 'result': 'WARNING', 'year': 2, 'startDate': '2023-01-20', 'endDate': '2021-01-21', 'limit': 1.58, 'value': 0.9}, {'result': 'PASS', 'name': 'MATCHES_PYRAMID', 'effective': 2, 'multiplier': 1.0, 'pyramids': [{'name': 'GLB/D1/PV', 'multiplier': 1.0}, {'name': 'GLB/D1/MODEL', 'multiplier': 1.4}]}, {'result': 'WARNING', 'name': 'MATCHES_THEMES', 'themes': [{'id': 'M4ZY3YD', 'multiplier': 2.0, 'name': 'GLB high turnover Theme'}]}, {'name': 'POWER_POOL_CORRELATION', 'result': 'PENDING'}]",,,,,,,,"['GLB/D1/PV', 'GLB/D1/MODEL']",0,,,,,,,,,,,,,,,,,,,,0
bAj2G0M,REGULAR,JZ45236,EQUITY,GLB,MINVOL1M,1,6,SUBINDUSTRY,0.08,ON,VERIFY,ON,FASTEXPR,False,"group_neutralize(ts_quantile(winsorize(ts_backfill(mdl110_score, 120), std=4), 240),densify(bucket(rank(cap), range='0.1, 1, 0.1')))",,7,2025-07-19T16:30:47-04:00,,2025-07-19T20:30:50-04:00,model110_glb_2step,False,False,,,['model110_glb_2step'],[],,IS,UNSUBMITTED,5566768,20000000,3632,3653,0.1272,0.0538,0.034,0.000846,1.63,2.51,2013-01-20,"[{'name': 'LOW_SHARPE', 'result': 'PASS', 'limit': 1.58, 'value': 2.51}, {'name': 'LOW_FITNESS', 'result': 'PASS', 'limit': 1.0, 'value': 1.63}, {'name': 'LOW_TURNOVER', 'result': 'PASS', 'limit': 0.01, 'value': 0.1272}, {'name': 'HIGH_TURNOVER', 'result': 'PASS', 'limit': 0.7, 'value': 0.1272}, {'name': 'CONCENTRATED_WEIGHT', 'result': 'PASS'}, {'name': 'LOW_SUB_UNIVERSE_SHARPE', 'result': 'PASS', 'limit': 0.88, 'value': 1.5}, {'name': 'SELF_CORRELATION', 'result': 'PENDING'}, {'name': 'DATA_DIVERSITY', 'result': 'PENDING'}, {'name': 'PROD_CORRELATION', 'result': 'PENDING'}, {'name': 'REGULAR_SUBMISSION', 'result': 'PENDING'}, {'name': 'IS_LADDER_SHARPE', 'result': 'WARNING', 'year': 2, 'startDate': '2023-01-20', 'endDate': '2021-01-21', 'limit': 1.58, 'value': 0.87}, {'result': 'PASS', 'name': 'MATCHES_PYRAMID', 'effective': 2, 'multiplier': 1.0, 'pyramids': [{'name': 'GLB/D1/PV', 'multiplier': 1.0}, {'name': 'GLB/D1/MODEL', 'multiplier': 1.4}]}, {'result': 'WARNING', 'name': 'MATCHES_THEMES', 'themes': [{'id': 'M4ZY3YD', 'multiplier': 2.0, 'name': 'GLB high turnover Theme'}]}, {'name': 'POWER_POOL_CORRELATION', 'result': 'PENDING'}]",,,,,,,,"['GLB/D1/PV', 'GLB/D1/MODEL']",0,,,,,,,,,,,,,,,,,,,,0
aG73VlO,REGULAR,JZ45236,EQUITY,GLB,MINVOL1M,1,6,SUBINDUSTRY,0.08,ON,VERIFY,ON,FASTEXPR,False,"group_scale(ts_sum(winsorize(ts_backfill(mdl110_score, 120), std=4), 5),densify(oth455_relation_n2v_p10_q50_w2_kmeans_cluster_5))",,5,2025-07-19T16:15:18-04:00,,2025-07-19T20:15:20-04:00,model110_glb_2step,False,False,,,['model110_glb_2step'],[],,IS,UNSUBMITTED,8288166,20000000,4217,3989,0.0789,0.0801,0.0615,0.002031,2.01,2.51,2013-01-20,"[{'name': 'LOW_SHARPE', 'result': 'PASS', 'limit': 1.58, 'value': 2.51}, {'name': 'LOW_FITNESS', 'result': 'PASS', 'limit': 1.0, 'value': 2.01}, {'name': 'LOW_TURNOVER', 'result': 'PASS', 'limit': 0.01, 'value': 0.0789}, {'name': 'HIGH_TURNOVER', 'result': 'PASS', 'limit': 0.7, 'value': 0.0789}, {'name': 'CONCENTRATED_WEIGHT', 'result': 'PASS'}, {'name': 'LOW_SUB_UNIVERSE_SHARPE', 'result': 'PASS', 'limit': 0.88, 'value': 1.76}, {'name': 'SELF_CORRELATION', 'result': 'PENDING'}, {'name': 'DATA_DIVERSITY', 'result': 'PENDING'}, {'name': 'PROD_CORRELATION', 'result': 'PENDING'}, {'name': 'REGULAR_SUBMISSION', 'result': 'PENDING'}, {'name': 'IS_LADDER_SHARPE', 'result': 'PASS', 'year': 2, 'startDate': '2023-01-20', 'endDate': '2021-01-21', 'limit': 2.02, 'value': 2.19}, {'result': 'PASS', 'name': 'MATCHES_PYRAMID', 'effective': 2, 'multiplier': 1.4, 'pyramids': [{'name': 'GLB/D1/MODEL', 'multiplier': 1.4}, {'name': 'GLB/D1/OTHER', 'multiplier': 1.6}]}, {'result': 'WARNING', 'name': 'MATCHES_THEMES', 'themes': [{'id': 'M4ZY3YD', 'multiplier': 2.0, 'name': 'GLB high turnover Theme'}]}, {'name': 'POWER_POOL_CORRELATION', 'result': 'PENDING'}]",,,,,,,,"['GLB/D1/MODEL', 'GLB/D1/OTHER']",0,,,,,,,,,,,,,,,,,,,,0
eEzoq86,REGULAR,JZ45236,EQUITY,GLB,MINVOL1M,1,6,SUBINDUSTRY,0.08,ON,VERIFY,ON,FASTEXPR,False,"group_neutralize(ts_sum(winsorize(ts_backfill(mdl110_score, 120), std=4), 5),densify(oth455_relation_n2v_p10_q200_w2_kmeans_cluster_5))",,5,2025-07-19T15:59:57-04:00,,2025-07-19T20:00:00-04:00,model110_glb_2step,False,False,,,['model110_glb_2step'],[],,IS,UNSUBMITTED,8226744,20000000,4269,3936,0.0706,0.0795,0.0617,0.00225,2.0,2.51,2013-01-20,"[{'name': 'LOW_SHARPE', 'result': 'PASS', 'limit': 1.58, 'value': 2.51}, {'name': 'LOW_FITNESS', 'result': 'PASS', 'limit': 1.0, 'value': 2.0}, {'name': 'LOW_TURNOVER', 'result': 'PASS', 'limit': 0.01, 'value': 0.0706}, {'name': 'HIGH_TURNOVER', 'result': 'PASS', 'limit': 0.7, 'value': 0.0706}, {'name': 'CONCENTRATED_WEIGHT', 'result': 'PASS'}, {'name': 'LOW_SUB_UNIVERSE_SHARPE', 'result': 'PASS', 'limit': 0.88, 'value': 1.63}, {'name': 'SELF_CORRELATION', 'result': 'PENDING'}, {'name': 'DATA_DIVERSITY', 'result': 'PENDING'}, {'name': 'PROD_CORRELATION', 'result': 'PENDING'}, {'name': 'REGULAR_SUBMISSION', 'result': 'PENDING'}, {'name': 'IS_LADDER_SHARPE', 'result': 'WARNING', 'year': 3, 'startDate': '2023-01-20', 'endDate': '2020-01-21', 'limit': 1.58, 'value': 1.2}, {'result': 'PASS', 'name': 'MATCHES_PYRAMID', 'effective': 2, 'multiplier': 1.4, 'pyramids': [{'name': 'GLB/D1/MODEL', 'multiplier': 1.4}, {'name': 'GLB/D1/OTHER', 'multiplier': 1.6}]}, {'result': 'WARNING', 'name': 'MATCHES_THEMES', 'themes': [{'id': 'M4ZY3YD', 'multiplier': 2.0, 'name': 'GLB high turnover Theme'}]}, {'name': 'POWER_POOL_CORRELATION', 'result': 'PENDING'}]",,,,,,,,"['GLB/D1/MODEL', 'GLB/D1/OTHER']",0,,,,,,,,,,,,,,,,,,,,0
wWjxr5Q,REGULAR,JZ45236,EQUITY,GLB,MINVOL1M,1,6,SUBINDUSTRY,0.08,ON,VERIFY,ON,FASTEXPR,False,"group_neutralize(ts_sum(winsorize(ts_backfill(mdl110_score, 120), std=4), 5),densify(pv13_3l_scibr))",,5,2025-07-19T15:57:21-04:00,,2025-07-19T19:57:27-04:00,model110_glb_2step,False,False,,,['model110_glb_2step'],[],,IS,UNSUBMITTED,7665490,20000000,4239,3893,0.0708,0.074,0.0531,0.002092,1.93,2.51,2013-01-20,"[{'name': 'LOW_SHARPE', 'result': 'PASS', 'limit': 1.58, 'value': 2.51}, {'name': 'LOW_FITNESS', 'result': 'PASS', 'limit': 1.0, 'value': 1.93}, {'name': 'LOW_TURNOVER', 'result': 'PASS', 'limit': 0.01, 'value': 0.0708}, {'name': 'HIGH_TURNOVER', 'result': 'PASS', 'limit': 0.7, 'value': 0.0708}, {'name': 'CONCENTRATED_WEIGHT', 'result': 'PASS'}, {'name': 'LOW_SUB_UNIVERSE_SHARPE', 'result': 'PASS', 'limit': 0.88, 'value': 1.65}, {'name': 'SELF_CORRELATION', 'result': 'PENDING'}, {'name': 'DATA_DIVERSITY', 'result': 'PENDING'}, {'name': 'PROD_CORRELATION', 'result': 'PENDING'}, {'name': 'REGULAR_SUBMISSION', 'result': 'PENDING'}, {'name': 'IS_LADDER_SHARPE', 'result': 'WARNING', 'year': 2, 'startDate': '2023-01-20', 'endDate': '2021-01-21', 'limit': 1.58, 'value': 1.43}, {'result': 'PASS', 'name': 'MATCHES_PYRAMID', 'effective': 2, 'multiplier': 1.0, 'pyramids': [{'name': 'GLB/D1/PV', 'multiplier': 1.0}, {'name': 'GLB/D1/MODEL', 'multiplier': 1.4}]}, {'result': 'WARNING', 'name': 'MATCHES_THEMES', 'themes': [{'id': 'M4ZY3YD', 'multiplier': 2.0, 'name': 'GLB high turnover Theme'}]}, {'name': 'POWER_POOL_CORRELATION', 'result': 'PENDING'}]",,,,,,,,"['GLB/D1/PV', 'GLB/D1/MODEL']",0,,,,,,,,,,,,,,,,,,,,0
YY7L2Yl,REGULAR,JZ45236,EQUITY,GLB,MINVOL1M,1,6,SUBINDUSTRY,0.08,ON,VERIFY,ON,FASTEXPR,False,"group_scale(ts_delta(winsorize(ts_backfill(mdl110_growth, 120), std=4), 240),densify(industry))",,5,2025-07-19T15:34:09-04:00,,2025-07-19T19:34:14-04:00,model110_glb_2step,False,False,,,['model110_glb_2step'],"[{'id': 'DATA_USAGE:SINGLE_DATA_SET', 'name': 'Single Data Set Alpha'}]",,IS,UNSUBMITTED,4512515,20000000,3187,3206,0.056,0.0436,0.0289,0.001555,1.48,2.51,2013-01-20,"[{'name': 'LOW_SHARPE', 'result': 'PASS', 'limit': 1.58, 'value': 2.51}, {'name': 'LOW_FITNESS', 'result': 'PASS', 'limit': 1.0, 'value': 1.48}, {'name': 'LOW_TURNOVER', 'result': 'PASS', 'limit': 0.01, 'value': 0.056}, {'name': 'HIGH_TURNOVER', 'result': 'PASS', 'limit': 0.7, 'value': 0.056}, {'name': 'CONCENTRATED_WEIGHT', 'result': 'PASS'}, {'name': 'LOW_SUB_UNIVERSE_SHARPE', 'result': 'PASS', 'limit': 0.88, 'value': 1.55}, {'name': 'SELF_CORRELATION', 'result': 'PENDING'}, {'name': 'DATA_DIVERSITY', 'result': 'PENDING'}, {'name': 'PROD_CORRELATION', 'result': 'PENDING'}, {'name': 'REGULAR_SUBMISSION', 'result': 'PENDING'}, {'name': 'LOW_2Y_SHARPE', 'result': 'PASS', 'value': 2.42, 'limit': 1.58}, {'result': 'PASS', 'name': 'MATCHES_PYRAMID', 'effective': 1, 'multiplier': 1.4, 'pyramids': [{'name': 'GLB/D1/MODEL', 'multiplier': 1.4}]}, {'result': 'WARNING', 'name': 'MATCHES_THEMES', 'themes': [{'id': 'M4ZY3YD', 'multiplier': 2.0, 'name': 'GLB high turnover Theme'}]}, {'name': 'POWER_POOL_CORRELATION', 'result': 'PENDING'}]",,,,,,,,['GLB/D1/MODEL'],0,,,,,,,,,,,,,,,,,,,,0
AEGo58e,REGULAR,JZ45236,EQUITY,GLB,MINVOL1M,1,6,SUBINDUSTRY,0.08,ON,VERIFY,ON,FASTEXPR,False,"group_neutralize(ts_delta(winsorize(ts_backfill(mdl110_growth, 120), std=4), 240),densify(bucket(group_rank(cap,sector),range='0,1,0.1')))",,7,2025-07-19T15:18:13-04:00,,2025-07-19T19:18:17-04:00,model110_glb_2step,False,False,,,['model110_glb_2step'],[],,IS,UNSUBMITTED,4562665,20000000,3187,3206,0.0538,0.0441,0.0275,0.001639,1.49,2.51,2013-01-20,"[{'name': 'LOW_SHARPE', 'result': 'PASS', 'limit': 1.58, 'value': 2.51}, {'name': 'LOW_FITNESS', 'result': 'PASS', 'limit': 1.0, 'value': 1.49}, {'name': 'LOW_TURNOVER', 'result': 'PASS', 'limit': 0.01, 'value': 0.0538}, {'name': 'HIGH_TURNOVER', 'result': 'PASS', 'limit': 0.7, 'value': 0.0538}, {'name': 'CONCENTRATED_WEIGHT', 'result': 'PASS'}, {'name': 'LOW_SUB_UNIVERSE_SHARPE', 'result': 'PASS', 'limit': 0.88, 'value': 1.64}, {'name': 'SELF_CORRELATION', 'result': 'PENDING'}, {'name': 'DATA_DIVERSITY', 'result': 'PENDING'}, {'name': 'PROD_CORRELATION', 'result': 'PENDING'}, {'name': 'REGULAR_SUBMISSION', 'result': 'PENDING'}, {'name': 'IS_LADDER_SHARPE', 'result': 'PASS', 'year': 2, 'startDate': '2023-01-20', 'endDate': '2021-01-21', 'limit': 2.02, 'value': 2.35}, {'result': 'PASS', 'name': 'MATCHES_PYRAMID', 'effective': 2, 'multiplier': 1.0, 'pyramids': [{'name': 'GLB/D1/PV', 'multiplier': 1.0}, {'name': 'GLB/D1/MODEL', 'multiplier': 1.4}]}, {'result': 'WARNING', 'name': 'MATCHES_THEMES', 'themes': [{'id': 'M4ZY3YD', 'multiplier': 2.0, 'name': 'GLB high turnover Theme'}]}, {'name': 'POWER_POOL_CORRELATION', 'result': 'PENDING'}]",,,,,,,,"['GLB/D1/PV', 'GLB/D1/MODEL']",0,,,,,,,,,,,,,,,,,,,,0
10prjvz,REGULAR,JZ45236,EQUITY,GLB,MINVOL1M,1,6,SUBINDUSTRY,0.08,ON,VERIFY,ON,FASTEXPR,False,"group_neutralize(ts_delta(winsorize(ts_backfill(mdl110_growth, 120), std=4), 240),densify(bucket(rank(cap), range='0.1, 1, 0.1')))",,7,2025-07-19T15:16:38-04:00,,2025-07-19T19:16:41-04:00,model110_glb_2step,False,False,,,['model110_glb_2step'],[],,IS,UNSUBMITTED,4554776,20000000,3188,3205,0.0537,0.044,0.0278,0.001638,1.49,2.51,2013-01-20,"[{'name': 'LOW_SHARPE', 'result': 'PASS', 'limit': 1.58, 'value': 2.51}, {'name': 'LOW_FITNESS', 'result': 'PASS', 'limit': 1.0, 'value': 1.49}, {'name': 'LOW_TURNOVER', 'result': 'PASS', 'limit': 0.01, 'value': 0.0537}, {'name': 'HIGH_TURNOVER', 'result': 'PASS', 'limit': 0.7, 'value': 0.0537}, {'name': 'CONCENTRATED_WEIGHT', 'result': 'PASS'}, {'name': 'LOW_SUB_UNIVERSE_SHARPE', 'result': 'PASS', 'limit': 0.88, 'value': 1.63}, {'name': 'SELF_CORRELATION', 'result': 'PENDING'}, {'name': 'DATA_DIVERSITY', 'result': 'PENDING'}, {'name': 'PROD_CORRELATION', 'result': 'PENDING'}, {'name': 'REGULAR_SUBMISSION', 'result': 'PENDING'}, {'name': 'IS_LADDER_SHARPE', 'result': 'PASS', 'year': 2, 'startDate': '2023-01-20', 'endDate': '2021-01-21', 'limit': 2.02, 'value': 2.31}, {'result': 'PASS', 'name': 'MATCHES_PYRAMID', 'effective': 2, 'multiplier': 1.0, 'pyramids': [{'name': 'GLB/D1/PV', 'multiplier': 1.0}, {'name': 'GLB/D1/MODEL', 'multiplier': 1.4}]}, {'result': 'WARNING', 'name': 'MATCHES_THEMES', 'themes': [{'id': 'M4ZY3YD', 'multiplier': 2.0, 'name': 'GLB high turnover Theme'}]}, {'name': 'POWER_POOL_CORRELATION', 'result': 'PENDING'}]",,,,,,,,"['GLB/D1/PV', 'GLB/D1/MODEL']",0,,,,,,,,,,,,,,,,,,,,0
ExGPa1K,REGULAR,JZ45236,EQUITY,GLB,MINVOL1M,1,6,SUBINDUSTRY,0.08,ON,VERIFY,ON,FASTEXPR,False,"group_rank(normalize(winsorize(ts_backfill(mdl110_score, 120), std=4)),densify(pv13_3l_scibr))",,5,2025-07-19T14:48:54-04:00,,2025-07-19T18:48:57-04:00,model110_glb_2step,False,False,,,['model110_glb_2step'],[],,IS,UNSUBMITTED,7082313,20000000,3949,4173,0.0697,0.0684,0.0386,0.001964,1.86,2.51,2013-01-20,"[{'name': 'LOW_SHARPE', 'result': 'PASS', 'limit': 1.58, 'value': 2.51}, {'name': 'LOW_FITNESS', 'result': 'PASS', 'limit': 1.0, 'value': 1.86}, {'name': 'LOW_TURNOVER', 'result': 'PASS', 'limit': 0.01, 'value': 0.0697}, {'name': 'HIGH_TURNOVER', 'result': 'PASS', 'limit': 0.7, 'value': 0.0697}, {'name': 'CONCENTRATED_WEIGHT', 'result': 'PASS'}, {'name': 'LOW_SUB_UNIVERSE_SHARPE', 'result': 'PASS', 'limit': 0.88, 'value': 2.2}, {'name': 'SELF_CORRELATION', 'result': 'PENDING'}, {'name': 'DATA_DIVERSITY', 'result': 'PENDING'}, {'name': 'PROD_CORRELATION', 'result': 'PENDING'}, {'name': 'REGULAR_SUBMISSION', 'result': 'PENDING'}, {'name': 'IS_LADDER_SHARPE', 'result': 'PASS', 'year': 2, 'startDate': '2023-01-20', 'endDate': '2021-01-21', 'limit': 2.02, 'value': 2.78}, {'result': 'PASS', 'name': 'MATCHES_PYRAMID', 'effective': 2, 'multiplier': 1.0, 'pyramids': [{'name': 'GLB/D1/PV', 'multiplier': 1.0}, {'name': 'GLB/D1/MODEL', 'multiplier': 1.4}]}, {'result': 'WARNING', 'name': 'MATCHES_THEMES', 'themes': [{'id': 'M4ZY3YD', 'multiplier': 2.0, 'name': 'GLB high turnover Theme'}]}, {'name': 'POWER_POOL_CORRELATION', 'result': 'PENDING'}]",,,,,,,,"['GLB/D1/PV', 'GLB/D1/MODEL']",0,,,,,,,,,,,,,,,,,,,,0
oZNRbkk,REGULAR,JZ45236,EQUITY,GLB,MINVOL1M,1,6,SUBINDUSTRY,0.08,ON,VERIFY,ON,FASTEXPR,False,"group_rank(rank(winsorize(ts_backfill(mdl110_score, 120), std=4)),densify(pv13_3l_scibr))",,5,2025-07-19T14:07:08-04:00,,2025-07-19T18:07:13-04:00,model110_glb_2step,False,False,,,['model110_glb_2step'],[],,IS,UNSUBMITTED,7078289,20000000,3948,4174,0.0694,0.0684,0.0386,0.001972,1.86,2.51,2013-01-20,"[{'name': 'LOW_SHARPE', 'result': 'PASS', 'limit': 1.58, 'value': 2.51}, {'name': 'LOW_FITNESS', 'result': 'PASS', 'limit': 1.0, 'value': 1.86}, {'name': 'LOW_TURNOVER', 'result': 'PASS', 'limit': 0.01, 'value': 0.0694}, {'name': 'HIGH_TURNOVER', 'result': 'PASS', 'limit': 0.7, 'value': 0.0694}, {'name': 'CONCENTRATED_WEIGHT', 'result': 'PASS'}, {'name': 'LOW_SUB_UNIVERSE_SHARPE', 'result': 'PASS', 'limit': 0.88, 'value': 2.2}, {'name': 'SELF_CORRELATION', 'result': 'PENDING'}, {'name': 'DATA_DIVERSITY', 'result': 'PENDING'}, {'name': 'PROD_CORRELATION', 'result': 'PENDING'}, {'name': 'REGULAR_SUBMISSION', 'result': 'PENDING'}, {'name': 'IS_LADDER_SHARPE', 'result': 'PASS', 'year': 2, 'startDate': '2023-01-20', 'endDate': '2021-01-21', 'limit': 2.02, 'value': 2.78}, {'result': 'PASS', 'name': 'MATCHES_PYRAMID', 'effective': 2, 'multiplier': 1.0, 'pyramids': [{'name': 'GLB/D1/PV', 'multiplier': 1.0}, {'name': 'GLB/D1/MODEL', 'multiplier': 1.4}]}, {'result': 'WARNING', 'name': 'MATCHES_THEMES', 'themes': [{'id': 'M4ZY3YD', 'multiplier': 2.0, 'name': 'GLB high turnover Theme'}]}, {'name': 'POWER_POOL_CORRELATION', 'result': 'PENDING'}]",,,,,,,,"['GLB/D1/PV', 'GLB/D1/MODEL']",0,,,,,,,,,,,,,,,,,,,,0
OgGZQQ1,REGULAR,JZ45236,EQUITY,GLB,MINVOL1M,1,6,SUBINDUSTRY,0.08,ON,VERIFY,ON,FASTEXPR,False,"group_rank(winsorize(ts_backfill(mdl110_score, 120), std=4),densify(pv13_3l_scibr))",,4,2025-07-19T12:45:32-04:00,,2025-07-19T16:45:35-04:00,model110_glb_2step,False,False,,,['model110_glb_2step'],[],,IS,UNSUBMITTED,7078289,20000000,3948,4174,0.0694,0.0684,0.0386,0.001972,1.86,2.51,2013-01-20,"[{'name': 'LOW_SHARPE', 'result': 'PASS', 'limit': 1.58, 'value': 2.51}, {'name': 'LOW_FITNESS', 'result': 'PASS', 'limit': 1.0, 'value': 1.86}, {'name': 'LOW_TURNOVER', 'result': 'PASS', 'limit': 0.01, 'value': 0.0694}, {'name': 'HIGH_TURNOVER', 'result': 'PASS', 'limit': 0.7, 'value': 0.0694}, {'name': 'CONCENTRATED_WEIGHT', 'result': 'PASS'}, {'name': 'LOW_SUB_UNIVERSE_SHARPE', 'result': 'PASS', 'limit': 0.88, 'value': 2.2}, {'name': 'SELF_CORRELATION', 'result': 'PENDING'}, {'name': 'DATA_DIVERSITY', 'result': 'PENDING'}, {'name': 'PROD_CORRELATION', 'result': 'PENDING'}, {'name': 'REGULAR_SUBMISSION', 'result': 'PENDING'}, {'name': 'IS_LADDER_SHARPE', 'result': 'PASS', 'year': 2, 'startDate': '2023-01-20', 'endDate': '2021-01-21', 'limit': 2.02, 'value': 2.78}, {'result': 'PASS', 'name': 'MATCHES_PYRAMID', 'effective': 2, 'multiplier': 1.0, 'pyramids': [{'name': 'GLB/D1/PV', 'multiplier': 1.0}, {'name': 'GLB/D1/MODEL', 'multiplier': 1.4}]}, {'result': 'WARNING', 'name': 'MATCHES_THEMES', 'themes': [{'id': 'M4ZY3YD', 'multiplier': 2.0, 'name': 'GLB high turnover Theme'}]}, {'name': 'POWER_POOL_CORRELATION', 'result': 'PENDING'}]",,,,,,,,"['GLB/D1/PV', 'GLB/D1/MODEL']",0,,,,,,,,,,,,,,,,,,,,0
zeNokzR,REGULAR,JZ45236,EQUITY,GLB,MINVOL1M,1,6,SUBINDUSTRY,0.08,ON,VERIFY,ON,FASTEXPR,False,"group_rank(quantile(winsorize(ts_backfill(mdl110_score, 120), std=4)),densify(pv13_3l_scibr))",,5,2025-07-19T12:00:42-04:00,,2025-07-19T16:00:46-04:00,model110_glb_2step,False,False,,,['model110_glb_2step'],[],,IS,UNSUBMITTED,7078289,20000000,3948,4174,0.0694,0.0684,0.0386,0.001972,1.86,2.51,2013-01-20,"[{'name': 'LOW_SHARPE', 'result': 'PASS', 'limit': 1.58, 'value': 2.51}, {'name': 'LOW_FITNESS', 'result': 'PASS', 'limit': 1.0, 'value': 1.86}, {'name': 'LOW_TURNOVER', 'result': 'PASS', 'limit': 0.01, 'value': 0.0694}, {'name': 'HIGH_TURNOVER', 'result': 'PASS', 'limit': 0.7, 'value': 0.0694}, {'name': 'CONCENTRATED_WEIGHT', 'result': 'PASS'}, {'name': 'LOW_SUB_UNIVERSE_SHARPE', 'result': 'PASS', 'limit': 0.88, 'value': 2.2}, {'name': 'SELF_CORRELATION', 'result': 'PENDING'}, {'name': 'DATA_DIVERSITY', 'result': 'PENDING'}, {'name': 'PROD_CORRELATION', 'result': 'PENDING'}, {'name': 'REGULAR_SUBMISSION', 'result': 'PENDING'}, {'name': 'IS_LADDER_SHARPE', 'result': 'PASS', 'year': 2, 'startDate': '2023-01-20', 'endDate': '2021-01-21', 'limit': 2.02, 'value': 2.78}, {'result': 'PASS', 'name': 'MATCHES_PYRAMID', 'effective': 2, 'multiplier': 1.0, 'pyramids': [{'name': 'GLB/D1/PV', 'multiplier': 1.0}, {'name': 'GLB/D1/MODEL', 'multiplier': 1.4}]}, {'result': 'WARNING', 'name': 'MATCHES_THEMES', 'themes': [{'id': 'M4ZY3YD', 'multiplier': 2.0, 'name': 'GLB high turnover Theme'}]}, {'name': 'POWER_POOL_CORRELATION', 'result': 'PENDING'}]",,,,,,,,"['GLB/D1/PV', 'GLB/D1/MODEL']",0,,,,,,,,,,,,,,,,,,,,0
zekWoAX,REGULAR,JZ45236,EQUITY,GLB,MINVOL1M,1,6,SUBINDUSTRY,0.08,ON,VERIFY,ON,FASTEXPR,False,"group_scale(ts_mean(winsorize(ts_backfill(mdl110_score, 120), std=4), 22),densify(sector))",,5,2025-07-19T17:24:34-04:00,,2025-07-19T21:24:37-04:00,model110_glb_2step,False,False,,,['model110_glb_2step'],"[{'id': 'DATA_USAGE:SINGLE_DATA_SET', 'name': 'Single Data Set Alpha'}]",,IS,UNSUBMITTED,8383620,20000000,3817,3481,0.0419,0.081,0.0653,0.00387,2.01,2.5,2013-01-20,"[{'name': 'LOW_SHARPE', 'result': 'PASS', 'limit': 1.58, 'value': 2.5}, {'name': 'LOW_FITNESS', 'result': 'PASS', 'limit': 1.0, 'value': 2.01}, {'name': 'LOW_TURNOVER', 'result': 'PASS', 'limit': 0.01, 'value': 0.0419}, {'name': 'HIGH_TURNOVER', 'result': 'PASS', 'limit': 0.7, 'value': 0.0419}, {'name': 'CONCENTRATED_WEIGHT', 'result': 'PASS'}, {'name': 'LOW_SUB_UNIVERSE_SHARPE', 'result': 'PASS', 'limit': 0.88, 'value': 1.84}, {'name': 'SELF_CORRELATION', 'result': 'PENDING'}, {'name': 'DATA_DIVERSITY', 'result': 'PENDING'}, {'name': 'PROD_CORRELATION', 'result': 'PENDING'}, {'name': 'REGULAR_SUBMISSION', 'result': 'PENDING'}, {'name': 'LOW_2Y_SHARPE', 'result': 'PASS', 'value': 2.44, 'limit': 1.58}, {'result': 'PASS', 'name': 'MATCHES_PYRAMID', 'effective': 1, 'multiplier': 1.4, 'pyramids': [{'name': 'GLB/D1/MODEL', 'multiplier': 1.4}]}, {'result': 'WARNING', 'name': 'MATCHES_THEMES', 'themes': [{'id': 'M4ZY3YD', 'multiplier': 2.0, 'name': 'GLB high turnover Theme'}]}, {'name': 'POWER_POOL_CORRELATION', 'result': 'PENDING'}]",,,,,,,,['GLB/D1/MODEL'],0,,,,,,,,,,,,,,,,,,,,0
zek6Gx8,REGULAR,JZ45236,EQUITY,GLB,MINVOL1M,1,6,SUBINDUSTRY,0.08,ON,VERIFY,ON,FASTEXPR,False,"group_neutralize(ts_sum(winsorize(ts_backfill(mdl110_score, 120), std=4), 5),densify(pv13_52_minvol_1m_all_delay_1_sector))",,5,2025-07-19T15:56:18-04:00,,2025-07-19T19:56:21-04:00,model110_glb_2step,False,False,,,['model110_glb_2step'],[],,IS,UNSUBMITTED,7329829,20000000,4554,4145,0.0719,0.0708,0.0833,0.001969,1.88,2.5,2013-01-20,"[{'name': 'LOW_SHARPE', 'result': 'PASS', 'limit': 1.58, 'value': 2.5}, {'name': 'LOW_FITNESS', 'result': 'PASS', 'limit': 1.0, 'value': 1.88}, {'name': 'LOW_TURNOVER', 'result': 'PASS', 'limit': 0.01, 'value': 0.0719}, {'name': 'HIGH_TURNOVER', 'result': 'PASS', 'limit': 0.7, 'value': 0.0719}, {'name': 'CONCENTRATED_WEIGHT', 'result': 'PASS'}, {'name': 'LOW_SUB_UNIVERSE_SHARPE', 'result': 'PASS', 'limit': 0.88, 'value': 1.82}, {'name': 'SELF_CORRELATION', 'result': 'PENDING'}, {'name': 'DATA_DIVERSITY', 'result': 'PENDING'}, {'name': 'PROD_CORRELATION', 'result': 'PENDING'}, {'name': 'REGULAR_SUBMISSION', 'result': 'PENDING'}, {'name': 'IS_LADDER_SHARPE', 'result': 'WARNING', 'year': 2, 'startDate': '2023-01-20', 'endDate': '2021-01-21', 'limit': 1.58, 'value': 1.09}, {'result': 'PASS', 'name': 'MATCHES_PYRAMID', 'effective': 2, 'multiplier': 1.0, 'pyramids': [{'name': 'GLB/D1/PV', 'multiplier': 1.0}, {'name': 'GLB/D1/MODEL', 'multiplier': 1.4}]}, {'result': 'WARNING', 'name': 'MATCHES_THEMES', 'themes': [{'id': 'M4ZY3YD', 'multiplier': 2.0, 'name': 'GLB high turnover Theme'}]}, {'name': 'POWER_POOL_CORRELATION', 'result': 'PENDING'}]",,,,,,,,"['GLB/D1/PV', 'GLB/D1/MODEL']",0,,,,,,,,,,,,,,,,,,,,0
2elzXj5,REGULAR,JZ45236,EQUITY,GLB,MINVOL1M,1,6,SUBINDUSTRY,0.08,ON,VERIFY,ON,FASTEXPR,False,"group_neutralize(ts_sum(winsorize(ts_backfill(mdl110_score, 120), std=4), 5),densify(pv13_52_minvol_1m_sector))",,5,2025-07-19T15:56:07-04:00,,2025-07-19T19:56:10-04:00,model110_glb_2step,False,False,,,['model110_glb_2step'],[],,IS,UNSUBMITTED,7312817,20000000,4560,4144,0.0719,0.0706,0.0725,0.001965,1.88,2.5,2013-01-20,"[{'name': 'LOW_SHARPE', 'result': 'PASS', 'limit': 1.58, 'value': 2.5}, {'name': 'LOW_FITNESS', 'result': 'PASS', 'limit': 1.0, 'value': 1.88}, {'name': 'LOW_TURNOVER', 'result': 'PASS', 'limit': 0.01, 'value': 0.0719}, {'name': 'HIGH_TURNOVER', 'result': 'PASS', 'limit': 0.7, 'value': 0.0719}, {'name': 'CONCENTRATED_WEIGHT', 'result': 'PASS'}, {'name': 'LOW_SUB_UNIVERSE_SHARPE', 'result': 'PASS', 'limit': 0.88, 'value': 1.81}, {'name': 'SELF_CORRELATION', 'result': 'PENDING'}, {'name': 'DATA_DIVERSITY', 'result': 'PENDING'}, {'name': 'PROD_CORRELATION', 'result': 'PENDING'}, {'name': 'REGULAR_SUBMISSION', 'result': 'PENDING'}, {'name': 'IS_LADDER_SHARPE', 'result': 'WARNING', 'year': 2, 'startDate': '2023-01-20', 'endDate': '2021-01-21', 'limit': 1.58, 'value': 1.14}, {'result': 'PASS', 'name': 'MATCHES_PYRAMID', 'effective': 2, 'multiplier': 1.0, 'pyramids': [{'name': 'GLB/D1/PV', 'multiplier': 1.0}, {'name': 'GLB/D1/MODEL', 'multiplier': 1.4}]}, {'result': 'WARNING', 'name': 'MATCHES_THEMES', 'themes': [{'id': 'M4ZY3YD', 'multiplier': 2.0, 'name': 'GLB high turnover Theme'}]}, {'name': 'POWER_POOL_CORRELATION', 'result': 'PENDING'}]",,,,,,,,"['GLB/D1/PV', 'GLB/D1/MODEL']",0,,,,,,,,,,,,,,,,,,,,0
x5NpzMq,REGULAR,JZ45236,EQUITY,GLB,MINVOL1M,1,6,SUBINDUSTRY,0.08,ON,VERIFY,ON,FASTEXPR,False,"group_rank(normalize(winsorize(ts_backfill(mdl110_score, 120), std=4)),densify(pv13_2l_scibr))",,5,2025-07-19T14:48:55-04:00,,2025-07-19T18:48:57-04:00,model110_glb_2step,False,False,,,['model110_glb_2step'],[],,IS,UNSUBMITTED,7241265,20000000,3957,4166,0.0661,0.07,0.039,0.002115,1.87,2.5,2013-01-20,"[{'name': 'LOW_SHARPE', 'result': 'PASS', 'limit': 1.58, 'value': 2.5}, {'name': 'LOW_FITNESS', 'result': 'PASS', 'limit': 1.0, 'value': 1.87}, {'name': 'LOW_TURNOVER', 'result': 'PASS', 'limit': 0.01, 'value': 0.0661}, {'name': 'HIGH_TURNOVER', 'result': 'PASS', 'limit': 0.7, 'value': 0.0661}, {'name': 'CONCENTRATED_WEIGHT', 'result': 'PASS'}, {'name': 'LOW_SUB_UNIVERSE_SHARPE', 'result': 'PASS', 'limit': 0.88, 'value': 2.21}, {'name': 'SELF_CORRELATION', 'result': 'PENDING'}, {'name': 'DATA_DIVERSITY', 'result': 'PENDING'}, {'name': 'PROD_CORRELATION', 'result': 'PENDING'}, {'name': 'REGULAR_SUBMISSION', 'result': 'PENDING'}, {'name': 'IS_LADDER_SHARPE', 'result': 'PASS', 'year': 2, 'startDate': '2023-01-20', 'endDate': '2021-01-21', 'limit': 2.02, 'value': 2.79}, {'result': 'PASS', 'name': 'MATCHES_PYRAMID', 'effective': 2, 'multiplier': 1.0, 'pyramids': [{'name': 'GLB/D1/PV', 'multiplier': 1.0}, {'name': 'GLB/D1/MODEL', 'multiplier': 1.4}]}, {'result': 'WARNING', 'name': 'MATCHES_THEMES', 'themes': [{'id': 'M4ZY3YD', 'multiplier': 2.0, 'name': 'GLB high turnover Theme'}]}, {'name': 'POWER_POOL_CORRELATION', 'result': 'PENDING'}]",,,,,,,,"['GLB/D1/PV', 'GLB/D1/MODEL']",0,,,,,,,,,,,,,,,,,,,,0
oZNJQp2,REGULAR,JZ45236,EQUITY,GLB,MINVOL1M,1,6,SUBINDUSTRY,0.08,ON,VERIFY,ON,FASTEXPR,False,"group_rank(rank(winsorize(ts_backfill(mdl110_score, 120), std=4)),densify(pv13_2l_scibr))",,5,2025-07-19T14:09:05-04:00,,2025-07-19T18:09:11-04:00,model110_glb_2step,False,False,,,['model110_glb_2step'],[],,IS,UNSUBMITTED,7238164,20000000,3955,4167,0.0658,0.0699,0.039,0.002125,1.87,2.5,2013-01-20,"[{'name': 'LOW_SHARPE', 'result': 'PASS', 'limit': 1.58, 'value': 2.5}, {'name': 'LOW_FITNESS', 'result': 'PASS', 'limit': 1.0, 'value': 1.87}, {'name': 'LOW_TURNOVER', 'result': 'PASS', 'limit': 0.01, 'value': 0.0658}, {'name': 'HIGH_TURNOVER', 'result': 'PASS', 'limit': 0.7, 'value': 0.0658}, {'name': 'CONCENTRATED_WEIGHT', 'result': 'PASS'}, {'name': 'LOW_SUB_UNIVERSE_SHARPE', 'result': 'PASS', 'limit': 0.88, 'value': 2.22}, {'name': 'SELF_CORRELATION', 'result': 'PENDING'}, {'name': 'DATA_DIVERSITY', 'result': 'PENDING'}, {'name': 'PROD_CORRELATION', 'result': 'PENDING'}, {'name': 'REGULAR_SUBMISSION', 'result': 'PENDING'}, {'name': 'IS_LADDER_SHARPE', 'result': 'PASS', 'year': 2, 'startDate': '2023-01-20', 'endDate': '2021-01-21', 'limit': 2.02, 'value': 2.79}, {'result': 'PASS', 'name': 'MATCHES_PYRAMID', 'effective': 2, 'multiplier': 1.0, 'pyramids': [{'name': 'GLB/D1/PV', 'multiplier': 1.0}, {'name': 'GLB/D1/MODEL', 'multiplier': 1.4}]}, {'result': 'WARNING', 'name': 'MATCHES_THEMES', 'themes': [{'id': 'M4ZY3YD', 'multiplier': 2.0, 'name': 'GLB high turnover Theme'}]}, {'name': 'POWER_POOL_CORRELATION', 'result': 'PENDING'}]",,,,,,,,"['GLB/D1/PV', 'GLB/D1/MODEL']",0,,,,,,,,,,,,,,,,,,,,0
VeGxJwY,REGULAR,JZ45236,EQUITY,GLB,MINVOL1M,1,6,SUBINDUSTRY,0.08,ON,VERIFY,ON,FASTEXPR,False,"group_scale(ts_delta(winsorize(ts_backfill(mdl110_score, 120), std=4), 240),densify(oth455_relation_n2v_p50_q200_w5_kmeans_cluster_5))",,5,2025-07-19T13:41:11-04:00,,2025-07-19T17:41:13-04:00,model110_glb_2step,False,False,,,['model110_glb_2step'],[],,IS,UNSUBMITTED,6077766,20000000,3131,3112,0.1185,0.0587,0.0338,0.000991,1.71,2.5,2013-01-20,"[{'name': 'LOW_SHARPE', 'result': 'PASS', 'limit': 1.58, 'value': 2.5}, {'name': 'LOW_FITNESS', 'result': 'PASS', 'limit': 1.0, 'value': 1.71}, {'name': 'LOW_TURNOVER', 'result': 'PASS', 'limit': 0.01, 'value': 0.1185}, {'name': 'HIGH_TURNOVER', 'result': 'PASS', 'limit': 0.7, 'value': 0.1185}, {'name': 'CONCENTRATED_WEIGHT', 'result': 'PASS'}, {'name': 'LOW_SUB_UNIVERSE_SHARPE', 'result': 'PASS', 'limit': 0.88, 'value': 1.68}, {'name': 'SELF_CORRELATION', 'result': 'PENDING'}, {'name': 'DATA_DIVERSITY', 'result': 'PENDING'}, {'name': 'PROD_CORRELATION', 'result': 'PENDING'}, {'name': 'REGULAR_SUBMISSION', 'result': 'PENDING'}, {'name': 'IS_LADDER_SHARPE', 'result': 'WARNING', 'year': 4, 'startDate': '2023-01-20', 'endDate': '2019-01-21', 'limit': 1.58, 'value': 1.52}, {'result': 'PASS', 'name': 'MATCHES_PYRAMID', 'effective': 2, 'multiplier': 1.4, 'pyramids': [{'name': 'GLB/D1/MODEL', 'multiplier': 1.4}, {'name': 'GLB/D1/OTHER', 'multiplier': 1.6}]}, {'result': 'WARNING', 'name': 'MATCHES_THEMES', 'themes': [{'id': 'M4ZY3YD', 'multiplier': 2.0, 'name': 'GLB high turnover Theme'}]}, {'name': 'POWER_POOL_CORRELATION', 'result': 'PENDING'}]",,,,,,,,"['GLB/D1/MODEL', 'GLB/D1/OTHER']",0,,,,,,,,,,,,,,,,,,,,0
aG1VzMv,REGULAR,JZ45236,EQUITY,GLB,MINVOL1M,1,6,SUBINDUSTRY,0.08,ON,VERIFY,ON,FASTEXPR,False,"group_scale(ts_delta(winsorize(ts_backfill(mdl110_score, 120), std=4), 240),densify(oth455_relation_n2v_p10_q200_w5_kmeans_cluster_5))",,5,2025-07-19T13:38:30-04:00,,2025-07-19T17:38:32-04:00,model110_glb_2step,False,False,,,['model110_glb_2step'],[],,IS,UNSUBMITTED,6077766,20000000,3131,3112,0.1185,0.0587,0.0338,0.000991,1.71,2.5,2013-01-20,"[{'name': 'LOW_SHARPE', 'result': 'PASS', 'limit': 1.58, 'value': 2.5}, {'name': 'LOW_FITNESS', 'result': 'PASS', 'limit': 1.0, 'value': 1.71}, {'name': 'LOW_TURNOVER', 'result': 'PASS', 'limit': 0.01, 'value': 0.1185}, {'name': 'HIGH_TURNOVER', 'result': 'PASS', 'limit': 0.7, 'value': 0.1185}, {'name': 'CONCENTRATED_WEIGHT', 'result': 'PASS'}, {'name': 'LOW_SUB_UNIVERSE_SHARPE', 'result': 'PASS', 'limit': 0.88, 'value': 1.68}, {'name': 'SELF_CORRELATION', 'result': 'PENDING'}, {'name': 'DATA_DIVERSITY', 'result': 'PENDING'}, {'name': 'PROD_CORRELATION', 'result': 'PENDING'}, {'name': 'REGULAR_SUBMISSION', 'result': 'PENDING'}, {'name': 'IS_LADDER_SHARPE', 'result': 'WARNING', 'year': 4, 'startDate': '2023-01-20', 'endDate': '2019-01-21', 'limit': 1.58, 'value': 1.52}, {'result': 'PASS', 'name': 'MATCHES_PYRAMID', 'effective': 2, 'multiplier': 1.4, 'pyramids': [{'name': 'GLB/D1/MODEL', 'multiplier': 1.4}, {'name': 'GLB/D1/OTHER', 'multiplier': 1.6}]}, {'result': 'WARNING', 'name': 'MATCHES_THEMES', 'themes': [{'id': 'M4ZY3YD', 'multiplier': 2.0, 'name': 'GLB high turnover Theme'}]}, {'name': 'POWER_POOL_CORRELATION', 'result': 'PENDING'}]",,,,,,,,"['GLB/D1/MODEL', 'GLB/D1/OTHER']",0,,,,,,,,,,,,,,,,,,,,0
9kpwpOK,REGULAR,JZ45236,EQUITY,GLB,MINVOL1M,1,6,SUBINDUSTRY,0.08,ON,VERIFY,ON,FASTEXPR,False,"group_rank(winsorize(ts_backfill(mdl110_score, 120), std=4),densify(pv13_2l_scibr))",,4,2025-07-19T12:42:09-04:00,,2025-07-19T16:42:13-04:00,model110_glb_2step,False,False,,,['model110_glb_2step'],[],,IS,UNSUBMITTED,7238164,20000000,3955,4167,0.0658,0.0699,0.039,0.002125,1.87,2.5,2013-01-20,"[{'name': 'LOW_SHARPE', 'result': 'PASS', 'limit': 1.58, 'value': 2.5}, {'name': 'LOW_FITNESS', 'result': 'PASS', 'limit': 1.0, 'value': 1.87}, {'name': 'LOW_TURNOVER', 'result': 'PASS', 'limit': 0.01, 'value': 0.0658}, {'name': 'HIGH_TURNOVER', 'result': 'PASS', 'limit': 0.7, 'value': 0.0658}, {'name': 'CONCENTRATED_WEIGHT', 'result': 'PASS'}, {'name': 'LOW_SUB_UNIVERSE_SHARPE', 'result': 'PASS', 'limit': 0.88, 'value': 2.22}, {'name': 'SELF_CORRELATION', 'result': 'PENDING'}, {'name': 'DATA_DIVERSITY', 'result': 'PENDING'}, {'name': 'PROD_CORRELATION', 'result': 'PENDING'}, {'name': 'REGULAR_SUBMISSION', 'result': 'PENDING'}, {'name': 'IS_LADDER_SHARPE', 'result': 'PASS', 'year': 2, 'startDate': '2023-01-20', 'endDate': '2021-01-21', 'limit': 2.02, 'value': 2.79}, {'result': 'PASS', 'name': 'MATCHES_PYRAMID', 'effective': 2, 'multiplier': 1.0, 'pyramids': [{'name': 'GLB/D1/PV', 'multiplier': 1.0}, {'name': 'GLB/D1/MODEL', 'multiplier': 1.4}]}, {'result': 'WARNING', 'name': 'MATCHES_THEMES', 'themes': [{'id': 'M4ZY3YD', 'multiplier': 2.0, 'name': 'GLB high turnover Theme'}]}, {'name': 'POWER_POOL_CORRELATION', 'result': 'PENDING'}]",,,,,,,,"['GLB/D1/PV', 'GLB/D1/MODEL']",0,,,,,,,,,,,,,,,,,,,,0
dvZ7WOg,REGULAR,JZ45236,EQUITY,GLB,MINVOL1M,1,6,SUBINDUSTRY,0.08,ON,VERIFY,ON,FASTEXPR,False,"group_rank(quantile(winsorize(ts_backfill(mdl110_score, 120), std=4)),densify(pv13_2l_scibr))",,5,2025-07-19T12:01:31-04:00,,2025-07-19T16:01:33-04:00,model110_glb_2step,False,False,,,['model110_glb_2step'],[],,IS,UNSUBMITTED,7238164,20000000,3955,4167,0.0658,0.0699,0.039,0.002125,1.87,2.5,2013-01-20,"[{'name': 'LOW_SHARPE', 'result': 'PASS', 'limit': 1.58, 'value': 2.5}, {'name': 'LOW_FITNESS', 'result': 'PASS', 'limit': 1.0, 'value': 1.87}, {'name': 'LOW_TURNOVER', 'result': 'PASS', 'limit': 0.01, 'value': 0.0658}, {'name': 'HIGH_TURNOVER', 'result': 'PASS', 'limit': 0.7, 'value': 0.0658}, {'name': 'CONCENTRATED_WEIGHT', 'result': 'PASS'}, {'name': 'LOW_SUB_UNIVERSE_SHARPE', 'result': 'PASS', 'limit': 0.88, 'value': 2.22}, {'name': 'SELF_CORRELATION', 'result': 'PENDING'}, {'name': 'DATA_DIVERSITY', 'result': 'PENDING'}, {'name': 'PROD_CORRELATION', 'result': 'PENDING'}, {'name': 'REGULAR_SUBMISSION', 'result': 'PENDING'}, {'name': 'IS_LADDER_SHARPE', 'result': 'PASS', 'year': 2, 'startDate': '2023-01-20', 'endDate': '2021-01-21', 'limit': 2.02, 'value': 2.79}, {'result': 'PASS', 'name': 'MATCHES_PYRAMID', 'effective': 2, 'multiplier': 1.0, 'pyramids': [{'name': 'GLB/D1/PV', 'multiplier': 1.0}, {'name': 'GLB/D1/MODEL', 'multiplier': 1.4}]}, {'result': 'WARNING', 'name': 'MATCHES_THEMES', 'themes': [{'id': 'M4ZY3YD', 'multiplier': 2.0, 'name': 'GLB high turnover Theme'}]}, {'name': 'POWER_POOL_CORRELATION', 'result': 'PENDING'}]",,,,,,,,"['GLB/D1/PV', 'GLB/D1/MODEL']",0,,,,,,,,,,,,,,,,,,,,0
nr7KnJ8,REGULAR,JZ45236,EQUITY,GLB,MINVOL1M,1,6,SUBINDUSTRY,0.08,ON,VERIFY,ON,FASTEXPR,False,"group_scale(ts_mean(winsorize(ts_backfill(mdl110_score, 120), std=4), 5),densify(oth455_relation_n2v_p10_q200_w2_kmeans_cluster_5))",,5,2025-07-19T18:06:10-04:00,,2025-07-19T22:06:13-04:00,model110_glb_2step,False,False,,,['model110_glb_2step'],[],,IS,UNSUBMITTED,8743326,20000000,3615,3388,0.0774,0.0845,0.0581,0.002184,2.05,2.49,2013-01-20,"[{'name': 'LOW_SHARPE', 'result': 'PASS', 'limit': 1.58, 'value': 2.49}, {'name': 'LOW_FITNESS', 'result': 'PASS', 'limit': 1.0, 'value': 2.05}, {'name': 'LOW_TURNOVER', 'result': 'PASS', 'limit': 0.01, 'value': 0.0774}, {'name': 'HIGH_TURNOVER', 'result': 'PASS', 'limit': 0.7, 'value': 0.0774}, {'name': 'CONCENTRATED_WEIGHT', 'result': 'PASS'}, {'name': 'LOW_SUB_UNIVERSE_SHARPE', 'result': 'PASS', 'limit': 0.87, 'value': 1.7}, {'name': 'SELF_CORRELATION', 'result': 'PENDING'}, {'name': 'DATA_DIVERSITY', 'result': 'PENDING'}, {'name': 'PROD_CORRELATION', 'result': 'PENDING'}, {'name': 'REGULAR_SUBMISSION', 'result': 'PENDING'}, {'name': 'IS_LADDER_SHARPE', 'result': 'PASS', 'year': 2, 'startDate': '2023-01-20', 'endDate': '2021-01-21', 'limit': 2.02, 'value': 2.11}, {'result': 'PASS', 'name': 'MATCHES_PYRAMID', 'effective': 2, 'multiplier': 1.4, 'pyramids': [{'name': 'GLB/D1/MODEL', 'multiplier': 1.4}, {'name': 'GLB/D1/OTHER', 'multiplier': 1.6}]}, {'result': 'WARNING', 'name': 'MATCHES_THEMES', 'themes': [{'id': 'M4ZY3YD', 'multiplier': 2.0, 'name': 'GLB high turnover Theme'}]}, {'name': 'POWER_POOL_CORRELATION', 'result': 'PENDING'}]",,,,,,,,"['GLB/D1/MODEL', 'GLB/D1/OTHER']",0,,,,,,,,,,,,,,,,,,,,0
WJ7VkzO,REGULAR,JZ45236,EQUITY,GLB,MINVOL1M,1,6,SUBINDUSTRY,0.08,ON,VERIFY,ON,FASTEXPR,False,"group_neutralize(ts_mean(winsorize(ts_backfill(mdl110_score, 120), std=4), 5),densify(pv13_2l_scibr))",,5,2025-07-19T17:44:25-04:00,,2025-07-19T21:44:31-04:00,model110_glb_2step,False,False,,,['model110_glb_2step'],[],,IS,UNSUBMITTED,8474771,20000000,3608,3328,0.0714,0.0819,0.0595,0.002293,2.02,2.49,2013-01-20,"[{'name': 'LOW_SHARPE', 'result': 'PASS', 'limit': 1.58, 'value': 2.49}, {'name': 'LOW_FITNESS', 'result': 'PASS', 'limit': 1.0, 'value': 2.02}, {'name': 'LOW_TURNOVER', 'result': 'PASS', 'limit': 0.01, 'value': 0.0714}, {'name': 'HIGH_TURNOVER', 'result': 'PASS', 'limit': 0.7, 'value': 0.0714}, {'name': 'CONCENTRATED_WEIGHT', 'result': 'PASS'}, {'name': 'LOW_SUB_UNIVERSE_SHARPE', 'result': 'PASS', 'limit': 0.87, 'value': 1.78}, {'name': 'SELF_CORRELATION', 'result': 'PENDING'}, {'name': 'DATA_DIVERSITY', 'result': 'PENDING'}, {'name': 'PROD_CORRELATION', 'result': 'PENDING'}, {'name': 'REGULAR_SUBMISSION', 'result': 'PENDING'}, {'name': 'IS_LADDER_SHARPE', 'result': 'WARNING', 'year': 3, 'startDate': '2023-01-20', 'endDate': '2020-01-21', 'limit': 1.58, 'value': 1.08}, {'result': 'PASS', 'name': 'MATCHES_PYRAMID', 'effective': 2, 'multiplier': 1.0, 'pyramids': [{'name': 'GLB/D1/PV', 'multiplier': 1.0}, {'name': 'GLB/D1/MODEL', 'multiplier': 1.4}]}, {'result': 'WARNING', 'name': 'MATCHES_THEMES', 'themes': [{'id': 'M4ZY3YD', 'multiplier': 2.0, 'name': 'GLB high turnover Theme'}]}, {'name': 'POWER_POOL_CORRELATION', 'result': 'PENDING'}]",,,,,,,,"['GLB/D1/PV', 'GLB/D1/MODEL']",0,,,,,,,,,,,,,,,,,,,,0
dvjxaxJ,REGULAR,JZ45236,EQUITY,GLB,MINVOL1M,1,6,SUBINDUSTRY,0.08,ON,VERIFY,ON,FASTEXPR,False,"group_zscore(ts_mean(winsorize(ts_backfill(mdl110_score, 120), std=4), 22),densify(sector))",,5,2025-07-19T17:33:49-04:00,,2025-07-19T21:33:51-04:00,model110_glb_2step,False,False,,,['model110_glb_2step'],"[{'id': 'DATA_USAGE:SINGLE_DATA_SET', 'name': 'Single Data Set Alpha'}]",,IS,UNSUBMITTED,8302927,20000000,3820,3479,0.0411,0.0802,0.0661,0.003904,1.99,2.49,2013-01-20,"[{'name': 'LOW_SHARPE', 'result': 'PASS', 'limit': 1.58, 'value': 2.49}, {'name': 'LOW_FITNESS', 'result': 'PASS', 'limit': 1.0, 'value': 1.99}, {'name': 'LOW_TURNOVER', 'result': 'PASS', 'limit': 0.01, 'value': 0.0411}, {'name': 'HIGH_TURNOVER', 'result': 'PASS', 'limit': 0.7, 'value': 0.0411}, {'name': 'CONCENTRATED_WEIGHT', 'result': 'PASS'}, {'name': 'LOW_SUB_UNIVERSE_SHARPE', 'result': 'PASS', 'limit': 0.87, 'value': 1.82}, {'name': 'SELF_CORRELATION', 'result': 'PENDING'}, {'name': 'DATA_DIVERSITY', 'result': 'PENDING'}, {'name': 'PROD_CORRELATION', 'result': 'PENDING'}, {'name': 'REGULAR_SUBMISSION', 'result': 'PENDING'}, {'name': 'LOW_2Y_SHARPE', 'result': 'PASS', 'value': 2.39, 'limit': 1.58}, {'result': 'PASS', 'name': 'MATCHES_PYRAMID', 'effective': 1, 'multiplier': 1.4, 'pyramids': [{'name': 'GLB/D1/MODEL', 'multiplier': 1.4}]}, {'result': 'WARNING', 'name': 'MATCHES_THEMES', 'themes': [{'id': 'M4ZY3YD', 'multiplier': 2.0, 'name': 'GLB high turnover Theme'}]}, {'name': 'POWER_POOL_CORRELATION', 'result': 'PENDING'}]",,,,,,,,['GLB/D1/MODEL'],0,,,,,,,,,,,,,,,,,,,,0
9kXwZ0V,REGULAR,JZ45236,EQUITY,GLB,MINVOL1M,1,6,SUBINDUSTRY,0.08,ON,VERIFY,ON,FASTEXPR,False,"group_scale(ts_mean(winsorize(ts_backfill(mdl110_score, 120), std=4), 22),densify(pv13_1l_scibr))",,5,2025-07-19T17:29:25-04:00,,2025-07-19T21:29:28-04:00,model110_glb_2step,False,False,,,['model110_glb_2step'],[],,IS,UNSUBMITTED,8177970,20000000,3613,3327,0.0449,0.079,0.0679,0.003521,1.98,2.49,2013-01-20,"[{'name': 'LOW_SHARPE', 'result': 'PASS', 'limit': 1.58, 'value': 2.49}, {'name': 'LOW_FITNESS', 'result': 'PASS', 'limit': 1.0, 'value': 1.98}, {'name': 'LOW_TURNOVER', 'result': 'PASS', 'limit': 0.01, 'value': 0.0449}, {'name': 'HIGH_TURNOVER', 'result': 'PASS', 'limit': 0.7, 'value': 0.0449}, {'name': 'CONCENTRATED_WEIGHT', 'result': 'PASS'}, {'name': 'LOW_SUB_UNIVERSE_SHARPE', 'result': 'PASS', 'limit': 0.87, 'value': 1.85}, {'name': 'SELF_CORRELATION', 'result': 'PENDING'}, {'name': 'DATA_DIVERSITY', 'result': 'PENDING'}, {'name': 'PROD_CORRELATION', 'result': 'PENDING'}, {'name': 'REGULAR_SUBMISSION', 'result': 'PENDING'}, {'name': 'IS_LADDER_SHARPE', 'result': 'PASS', 'year': 2, 'startDate': '2023-01-20', 'endDate': '2021-01-21', 'limit': 2.02, 'value': 2.45}, {'result': 'PASS', 'name': 'MATCHES_PYRAMID', 'effective': 2, 'multiplier': 1.0, 'pyramids': [{'name': 'GLB/D1/PV', 'multiplier': 1.0}, {'name': 'GLB/D1/MODEL', 'multiplier': 1.4}]}, {'result': 'WARNING', 'name': 'MATCHES_THEMES', 'themes': [{'id': 'M4ZY3YD', 'multiplier': 2.0, 'name': 'GLB high turnover Theme'}]}, {'name': 'POWER_POOL_CORRELATION', 'result': 'PENDING'}]",,,,,,,,"['GLB/D1/PV', 'GLB/D1/MODEL']",0,,,,,,,,,,,,,,,,,,,,0
ExlA2a1,REGULAR,JZ45236,EQUITY,GLB,MINVOL1M,1,6,SUBINDUSTRY,0.08,ON,VERIFY,ON,FASTEXPR,False,"group_scale(ts_sum(winsorize(ts_backfill(mdl110_score, 120), std=4), 5),densify(oth455_relation_n2v_p10_q200_w5_kmeans_cluster_5))",,5,2025-07-19T16:16:40-04:00,,2025-07-19T20:16:42-04:00,model110_glb_2step,False,False,,,['model110_glb_2step'],[],,IS,UNSUBMITTED,8403822,20000000,4225,3981,0.0766,0.0812,0.059,0.002119,2.01,2.49,2013-01-20,"[{'name': 'LOW_SHARPE', 'result': 'PASS', 'limit': 1.58, 'value': 2.49}, {'name': 'LOW_FITNESS', 'result': 'PASS', 'limit': 1.0, 'value': 2.01}, {'name': 'LOW_TURNOVER', 'result': 'PASS', 'limit': 0.01, 'value': 0.0766}, {'name': 'HIGH_TURNOVER', 'result': 'PASS', 'limit': 0.7, 'value': 0.0766}, {'name': 'CONCENTRATED_WEIGHT', 'result': 'PASS'}, {'name': 'LOW_SUB_UNIVERSE_SHARPE', 'result': 'PASS', 'limit': 0.87, 'value': 1.71}, {'name': 'SELF_CORRELATION', 'result': 'PENDING'}, {'name': 'DATA_DIVERSITY', 'result': 'PENDING'}, {'name': 'PROD_CORRELATION', 'result': 'PENDING'}, {'name': 'REGULAR_SUBMISSION', 'result': 'PENDING'}, {'name': 'IS_LADDER_SHARPE', 'result': 'PASS', 'year': 2, 'startDate': '2023-01-20', 'endDate': '2021-01-21', 'limit': 2.02, 'value': 2.24}, {'result': 'PASS', 'name': 'MATCHES_PYRAMID', 'effective': 2, 'multiplier': 1.4, 'pyramids': [{'name': 'GLB/D1/MODEL', 'multiplier': 1.4}, {'name': 'GLB/D1/OTHER', 'multiplier': 1.6}]}, {'result': 'WARNING', 'name': 'MATCHES_THEMES', 'themes': [{'id': 'M4ZY3YD', 'multiplier': 2.0, 'name': 'GLB high turnover Theme'}]}, {'name': 'POWER_POOL_CORRELATION', 'result': 'PENDING'}]",,,,,,,,"['GLB/D1/MODEL', 'GLB/D1/OTHER']",0,,,,,,,,,,,,,,,,,,,,0
ZN7LNz0,REGULAR,JZ45236,EQUITY,GLB,MINVOL1M,1,6,SUBINDUSTRY,0.08,ON,VERIFY,ON,FASTEXPR,False,"group_scale(ts_sum(winsorize(ts_backfill(mdl110_score, 120), std=4), 5),densify(oth455_relation_n2v_p50_q200_w5_kmeans_cluster_5))",,5,2025-07-19T16:16:35-04:00,,2025-07-19T20:16:39-04:00,model110_glb_2step,False,False,,,['model110_glb_2step'],[],,IS,UNSUBMITTED,8403822,20000000,4225,3981,0.0766,0.0812,0.059,0.002119,2.01,2.49,2013-01-20,"[{'name': 'LOW_SHARPE', 'result': 'PASS', 'limit': 1.58, 'value': 2.49}, {'name': 'LOW_FITNESS', 'result': 'PASS', 'limit': 1.0, 'value': 2.01}, {'name': 'LOW_TURNOVER', 'result': 'PASS', 'limit': 0.01, 'value': 0.0766}, {'name': 'HIGH_TURNOVER', 'result': 'PASS', 'limit': 0.7, 'value': 0.0766}, {'name': 'CONCENTRATED_WEIGHT', 'result': 'PASS'}, {'name': 'LOW_SUB_UNIVERSE_SHARPE', 'result': 'PASS', 'limit': 0.87, 'value': 1.71}, {'name': 'SELF_CORRELATION', 'result': 'PENDING'}, {'name': 'DATA_DIVERSITY', 'result': 'PENDING'}, {'name': 'PROD_CORRELATION', 'result': 'PENDING'}, {'name': 'REGULAR_SUBMISSION', 'result': 'PENDING'}, {'name': 'IS_LADDER_SHARPE', 'result': 'PASS', 'year': 2, 'startDate': '2023-01-20', 'endDate': '2021-01-21', 'limit': 2.02, 'value': 2.24}, {'result': 'PASS', 'name': 'MATCHES_PYRAMID', 'effective': 2, 'multiplier': 1.4, 'pyramids': [{'name': 'GLB/D1/MODEL', 'multiplier': 1.4}, {'name': 'GLB/D1/OTHER', 'multiplier': 1.6}]}, {'result': 'WARNING', 'name': 'MATCHES_THEMES', 'themes': [{'id': 'M4ZY3YD', 'multiplier': 2.0, 'name': 'GLB high turnover Theme'}]}, {'name': 'POWER_POOL_CORRELATION', 'result': 'PENDING'}]",,,,,,,,"['GLB/D1/MODEL', 'GLB/D1/OTHER']",0,,,,,,,,,,,,,,,,,,,,0
8XldPGq,REGULAR,JZ45236,EQUITY,GLB,MINVOL1M,1,6,SUBINDUSTRY,0.08,ON,VERIFY,ON,FASTEXPR,False,"group_neutralize(ts_sum(winsorize(ts_backfill(mdl110_score, 120), std=4), 5),densify(oth455_relation_n2v_p10_q50_w2_kmeans_cluster_5))",,5,2025-07-19T16:01:47-04:00,,2025-07-19T20:01:49-04:00,model110_glb_2step,False,False,,,['model110_glb_2step'],[],,IS,UNSUBMITTED,7865662,20000000,4275,3931,0.0709,0.076,0.0614,0.002142,1.94,2.49,2013-01-20,"[{'name': 'LOW_SHARPE', 'result': 'PASS', 'limit': 1.58, 'value': 2.49}, {'name': 'LOW_FITNESS', 'result': 'PASS', 'limit': 1.0, 'value': 1.94}, {'name': 'LOW_TURNOVER', 'result': 'PASS', 'limit': 0.01, 'value': 0.0709}, {'name': 'HIGH_TURNOVER', 'result': 'PASS', 'limit': 0.7, 'value': 0.0709}, {'name': 'CONCENTRATED_WEIGHT', 'result': 'PASS'}, {'name': 'LOW_SUB_UNIVERSE_SHARPE', 'result': 'PASS', 'limit': 0.87, 'value': 1.7}, {'name': 'SELF_CORRELATION', 'result': 'PENDING'}, {'name': 'DATA_DIVERSITY', 'result': 'PENDING'}, {'name': 'PROD_CORRELATION', 'result': 'PENDING'}, {'name': 'REGULAR_SUBMISSION', 'result': 'PENDING'}, {'name': 'IS_LADDER_SHARPE', 'result': 'WARNING', 'year': 3, 'startDate': '2023-01-20', 'endDate': '2020-01-21', 'limit': 1.58, 'value': 1.0}, {'result': 'PASS', 'name': 'MATCHES_PYRAMID', 'effective': 2, 'multiplier': 1.4, 'pyramids': [{'name': 'GLB/D1/MODEL', 'multiplier': 1.4}, {'name': 'GLB/D1/OTHER', 'multiplier': 1.6}]}, {'result': 'WARNING', 'name': 'MATCHES_THEMES', 'themes': [{'id': 'M4ZY3YD', 'multiplier': 2.0, 'name': 'GLB high turnover Theme'}]}, {'name': 'POWER_POOL_CORRELATION', 'result': 'PENDING'}]",,,,,,,,"['GLB/D1/MODEL', 'GLB/D1/OTHER']",0,,,,,,,,,,,,,,,,,,,,0
aG7rnzO,REGULAR,JZ45236,EQUITY,GLB,MINVOL1M,1,6,SUBINDUSTRY,0.08,ON,VERIFY,ON,FASTEXPR,False,"group_neutralize(ts_delta(winsorize(ts_backfill(mdl110_growth, 120), std=4), 240),densify(oth455_relation_n2v_p10_q200_w2_kmeans_cluster_5))",,5,2025-07-19T15:22:07-04:00,,2025-07-19T19:22:10-04:00,model110_glb_2step,False,False,,,['model110_glb_2step'],[],,IS,UNSUBMITTED,4488556,20000000,3110,3134,0.0535,0.0434,0.0276,0.001619,1.47,2.49,2013-01-20,"[{'name': 'LOW_SHARPE', 'result': 'PASS', 'limit': 1.58, 'value': 2.49}, {'name': 'LOW_FITNESS', 'result': 'PASS', 'limit': 1.0, 'value': 1.47}, {'name': 'LOW_TURNOVER', 'result': 'PASS', 'limit': 0.01, 'value': 0.0535}, {'name': 'HIGH_TURNOVER', 'result': 'PASS', 'limit': 0.7, 'value': 0.0535}, {'name': 'CONCENTRATED_WEIGHT', 'result': 'PASS'}, {'name': 'LOW_SUB_UNIVERSE_SHARPE', 'result': 'PASS', 'limit': 0.87, 'value': 1.6}, {'name': 'SELF_CORRELATION', 'result': 'PENDING'}, {'name': 'DATA_DIVERSITY', 'result': 'PENDING'}, {'name': 'PROD_CORRELATION', 'result': 'PENDING'}, {'name': 'REGULAR_SUBMISSION', 'result': 'PENDING'}, {'name': 'IS_LADDER_SHARPE', 'result': 'PASS', 'year': 2, 'startDate': '2023-01-20', 'endDate': '2021-01-21', 'limit': 2.02, 'value': 2.42}, {'result': 'PASS', 'name': 'MATCHES_PYRAMID', 'effective': 2, 'multiplier': 1.4, 'pyramids': [{'name': 'GLB/D1/MODEL', 'multiplier': 1.4}, {'name': 'GLB/D1/OTHER', 'multiplier': 1.6}]}, {'result': 'WARNING', 'name': 'MATCHES_THEMES', 'themes': [{'id': 'M4ZY3YD', 'multiplier': 2.0, 'name': 'GLB high turnover Theme'}]}, {'name': 'POWER_POOL_CORRELATION', 'result': 'PENDING'}]",,,,,,,,"['GLB/D1/MODEL', 'GLB/D1/OTHER']",0,,,,,,,,,,,,,,,,,,,,0
9kXrnRx,REGULAR,JZ45236,EQUITY,GLB,MINVOL1M,1,6,SUBINDUSTRY,0.08,ON,VERIFY,ON,FASTEXPR,False,"group_neutralize(ts_mean(winsorize(ts_backfill(mdl110_score, 120), std=4), 5),densify(industry))",,5,2025-07-19T17:42:40-04:00,,2025-07-19T21:42:42-04:00,model110_glb_2step,False,False,,,['model110_glb_2step'],"[{'id': 'DATA_USAGE:SINGLE_DATA_SET', 'name': 'Single Data Set Alpha'}]",,IS,UNSUBMITTED,8807607,20000000,3809,3476,0.0712,0.0851,0.0665,0.002389,2.05,2.48,2013-01-20,"[{'name': 'LOW_SHARPE', 'result': 'PASS', 'limit': 1.58, 'value': 2.48}, {'name': 'LOW_FITNESS', 'result': 'PASS', 'limit': 1.0, 'value': 2.05}, {'name': 'LOW_TURNOVER', 'result': 'PASS', 'limit': 0.01, 'value': 0.0712}, {'name': 'HIGH_TURNOVER', 'result': 'PASS', 'limit': 0.7, 'value': 0.0712}, {'name': 'CONCENTRATED_WEIGHT', 'result': 'PASS'}, {'name': 'LOW_SUB_UNIVERSE_SHARPE', 'result': 'PASS', 'limit': 0.87, 'value': 1.69}, {'name': 'SELF_CORRELATION', 'result': 'PENDING'}, {'name': 'DATA_DIVERSITY', 'result': 'PENDING'}, {'name': 'PROD_CORRELATION', 'result': 'PENDING'}, {'name': 'REGULAR_SUBMISSION', 'result': 'PENDING'}, {'name': 'LOW_2Y_SHARPE', 'result': 'PASS', 'value': 1.61, 'limit': 1.58}, {'result': 'PASS', 'name': 'MATCHES_PYRAMID', 'effective': 1, 'multiplier': 1.4, 'pyramids': [{'name': 'GLB/D1/MODEL', 'multiplier': 1.4}]}, {'result': 'WARNING', 'name': 'MATCHES_THEMES', 'themes': [{'id': 'M4ZY3YD', 'multiplier': 2.0, 'name': 'GLB high turnover Theme'}]}, {'name': 'POWER_POOL_CORRELATION', 'result': 'PENDING'}]",,,,,,,,['GLB/D1/MODEL'],0,,,,,,,,,,,,,,,,,,,,0
6NlOd3J,REGULAR,JZ45236,EQUITY,GLB,MINVOL1M,1,6,SUBINDUSTRY,0.08,ON,VERIFY,ON,FASTEXPR,False,"group_rank(ts_sum(winsorize(ts_backfill(mdl110_score, 120), std=4), 5),densify(oth455_relation_n2v_p10_q200_w5_kmeans_cluster_5))",,5,2025-07-19T16:08:48-04:00,,2025-07-19T20:08:52-04:00,model110_glb_2step,False,False,,,['model110_glb_2step'],[],,IS,UNSUBMITTED,6498391,20000000,4125,4082,0.0625,0.0628,0.0436,0.002008,1.76,2.48,2013-01-20,"[{'name': 'LOW_SHARPE', 'result': 'PASS', 'limit': 1.58, 'value': 2.48}, {'name': 'LOW_FITNESS', 'result': 'PASS', 'limit': 1.0, 'value': 1.76}, {'name': 'LOW_TURNOVER', 'result': 'PASS', 'limit': 0.01, 'value': 0.0625}, {'name': 'HIGH_TURNOVER', 'result': 'PASS', 'limit': 0.7, 'value': 0.0625}, {'name': 'CONCENTRATED_WEIGHT', 'result': 'PASS'}, {'name': 'LOW_SUB_UNIVERSE_SHARPE', 'result': 'PASS', 'limit': 0.87, 'value': 1.68}, {'name': 'SELF_CORRELATION', 'result': 'PENDING'}, {'name': 'DATA_DIVERSITY', 'result': 'PENDING'}, {'name': 'PROD_CORRELATION', 'result': 'PENDING'}, {'name': 'REGULAR_SUBMISSION', 'result': 'PENDING'}, {'name': 'IS_LADDER_SHARPE', 'result': 'PASS', 'year': 2, 'startDate': '2023-01-20', 'endDate': '2021-01-21', 'limit': 2.02, 'value': 2.3}, {'result': 'PASS', 'name': 'MATCHES_PYRAMID', 'effective': 2, 'multiplier': 1.4, 'pyramids': [{'name': 'GLB/D1/MODEL', 'multiplier': 1.4}, {'name': 'GLB/D1/OTHER', 'multiplier': 1.6}]}, {'result': 'WARNING', 'name': 'MATCHES_THEMES', 'themes': [{'id': 'M4ZY3YD', 'multiplier': 2.0, 'name': 'GLB high turnover Theme'}]}, {'name': 'POWER_POOL_CORRELATION', 'result': 'PENDING'}]",,,,,,,,"['GLB/D1/MODEL', 'GLB/D1/OTHER']",0,,,,,,,,,,,,,,,,,,,,0
k9jlo8K,REGULAR,JZ45236,EQUITY,GLB,MINVOL1M,1,6,SUBINDUSTRY,0.08,ON,VERIFY,ON,FASTEXPR,False,"group_rank(ts_sum(winsorize(ts_backfill(mdl110_score, 120), std=4), 5),densify(oth455_relation_n2v_p50_q200_w5_kmeans_cluster_5))",,5,2025-07-19T16:08:25-04:00,,2025-07-19T20:08:28-04:00,model110_glb_2step,False,False,,,['model110_glb_2step'],[],,IS,UNSUBMITTED,6498391,20000000,4125,4082,0.0625,0.0628,0.0436,0.002008,1.76,2.48,2013-01-20,"[{'name': 'LOW_SHARPE', 'result': 'PASS', 'limit': 1.58, 'value': 2.48}, {'name': 'LOW_FITNESS', 'result': 'PASS', 'limit': 1.0, 'value': 1.76}, {'name': 'LOW_TURNOVER', 'result': 'PASS', 'limit': 0.01, 'value': 0.0625}, {'name': 'HIGH_TURNOVER', 'result': 'PASS', 'limit': 0.7, 'value': 0.0625}, {'name': 'CONCENTRATED_WEIGHT', 'result': 'PASS'}, {'name': 'LOW_SUB_UNIVERSE_SHARPE', 'result': 'PASS', 'limit': 0.87, 'value': 1.68}, {'name': 'SELF_CORRELATION', 'result': 'PENDING'}, {'name': 'DATA_DIVERSITY', 'result': 'PENDING'}, {'name': 'PROD_CORRELATION', 'result': 'PENDING'}, {'name': 'REGULAR_SUBMISSION', 'result': 'PENDING'}, {'name': 'IS_LADDER_SHARPE', 'result': 'PASS', 'year': 2, 'startDate': '2023-01-20', 'endDate': '2021-01-21', 'limit': 2.02, 'value': 2.3}, {'result': 'PASS', 'name': 'MATCHES_PYRAMID', 'effective': 2, 'multiplier': 1.4, 'pyramids': [{'name': 'GLB/D1/MODEL', 'multiplier': 1.4}, {'name': 'GLB/D1/OTHER', 'multiplier': 1.6}]}, {'result': 'WARNING', 'name': 'MATCHES_THEMES', 'themes': [{'id': 'M4ZY3YD', 'multiplier': 2.0, 'name': 'GLB high turnover Theme'}]}, {'name': 'POWER_POOL_CORRELATION', 'result': 'PENDING'}]",,,,,,,,"['GLB/D1/MODEL', 'GLB/D1/OTHER']",0,,,,,,,,,,,,,,,,,,,,0
bAjZpbR,REGULAR,JZ45236,EQUITY,GLB,MINVOL1M,1,6,SUBINDUSTRY,0.08,ON,VERIFY,ON,FASTEXPR,False,"group_neutralize(ts_sum(winsorize(ts_backfill(mdl110_score, 120), std=4), 5),densify(market))",,5,2025-07-19T15:52:31-04:00,,2025-07-19T19:52:34-04:00,model110_glb_2step,False,False,,,['model110_glb_2step'],"[{'id': 'DATA_USAGE:SINGLE_DATA_SET', 'name': 'Single Data Set Alpha'}]",,IS,UNSUBMITTED,8647351,20000000,4558,4074,0.0702,0.0835,0.063,0.00238,2.03,2.48,2013-01-20,"[{'name': 'LOW_SHARPE', 'result': 'PASS', 'limit': 1.58, 'value': 2.48}, {'name': 'LOW_FITNESS', 'result': 'PASS', 'limit': 1.0, 'value': 2.03}, {'name': 'LOW_TURNOVER', 'result': 'PASS', 'limit': 0.01, 'value': 0.0702}, {'name': 'HIGH_TURNOVER', 'result': 'PASS', 'limit': 0.7, 'value': 0.0702}, {'name': 'CONCENTRATED_WEIGHT', 'result': 'PASS'}, {'name': 'LOW_SUB_UNIVERSE_SHARPE', 'result': 'PASS', 'limit': 0.87, 'value': 1.72}, {'name': 'SELF_CORRELATION', 'result': 'PENDING'}, {'name': 'DATA_DIVERSITY', 'result': 'PENDING'}, {'name': 'PROD_CORRELATION', 'result': 'PENDING'}, {'name': 'REGULAR_SUBMISSION', 'result': 'PENDING'}, {'name': 'LOW_2Y_SHARPE', 'result': 'PASS', 'value': 1.75, 'limit': 1.58}, {'result': 'PASS', 'name': 'MATCHES_PYRAMID', 'effective': 1, 'multiplier': 1.4, 'pyramids': [{'name': 'GLB/D1/MODEL', 'multiplier': 1.4}]}, {'result': 'WARNING', 'name': 'MATCHES_THEMES', 'themes': [{'id': 'M4ZY3YD', 'multiplier': 2.0, 'name': 'GLB high turnover Theme'}]}, {'name': 'POWER_POOL_CORRELATION', 'result': 'PENDING'}]",,,,,,,,['GLB/D1/MODEL'],0,,,,,,,,,,,,,,,,,,,,0
ExlZp6G,REGULAR,JZ45236,EQUITY,GLB,MINVOL1M,1,6,SUBINDUSTRY,0.08,ON,VERIFY,ON,FASTEXPR,False,"group_neutralize(ts_delta(winsorize(ts_backfill(mdl110_growth, 120), std=4), 240),densify(oth455_relation_n2v_p50_q200_w5_kmeans_cluster_5))",,5,2025-07-19T15:22:51-04:00,,2025-07-19T19:22:54-04:00,model110_glb_2step,False,False,,,['model110_glb_2step'],[],,IS,UNSUBMITTED,4476836,20000000,3110,3133,0.0535,0.0432,0.0277,0.001616,1.46,2.48,2013-01-20,"[{'name': 'LOW_SHARPE', 'result': 'PASS', 'limit': 1.58, 'value': 2.48}, {'name': 'LOW_FITNESS', 'result': 'PASS', 'limit': 1.0, 'value': 1.46}, {'name': 'LOW_TURNOVER', 'result': 'PASS', 'limit': 0.01, 'value': 0.0535}, {'name': 'HIGH_TURNOVER', 'result': 'PASS', 'limit': 0.7, 'value': 0.0535}, {'name': 'CONCENTRATED_WEIGHT', 'result': 'PASS'}, {'name': 'LOW_SUB_UNIVERSE_SHARPE', 'result': 'PASS', 'limit': 0.87, 'value': 1.59}, {'name': 'SELF_CORRELATION', 'result': 'PENDING'}, {'name': 'DATA_DIVERSITY', 'result': 'PENDING'}, {'name': 'PROD_CORRELATION', 'result': 'PENDING'}, {'name': 'REGULAR_SUBMISSION', 'result': 'PENDING'}, {'name': 'IS_LADDER_SHARPE', 'result': 'PASS', 'year': 2, 'startDate': '2023-01-20', 'endDate': '2021-01-21', 'limit': 2.02, 'value': 2.42}, {'result': 'PASS', 'name': 'MATCHES_PYRAMID', 'effective': 2, 'multiplier': 1.4, 'pyramids': [{'name': 'GLB/D1/MODEL', 'multiplier': 1.4}, {'name': 'GLB/D1/OTHER', 'multiplier': 1.6}]}, {'result': 'WARNING', 'name': 'MATCHES_THEMES', 'themes': [{'id': 'M4ZY3YD', 'multiplier': 2.0, 'name': 'GLB high turnover Theme'}]}, {'name': 'POWER_POOL_CORRELATION', 'result': 'PENDING'}]",,,,,,,,"['GLB/D1/MODEL', 'GLB/D1/OTHER']",0,,,,,,,,,,,,,,,,,,,,0
8XpMwwa,REGULAR,JZ45236,EQUITY,GLB,MINVOL1M,1,6,SUBINDUSTRY,0.08,ON,VERIFY,ON,FASTEXPR,False,"group_neutralize(ts_delta(winsorize(ts_backfill(mdl110_growth, 120), std=4), 240),densify(oth455_relation_n2v_p10_q200_w5_kmeans_cluster_5))",,5,2025-07-19T15:18:47-04:00,,2025-07-19T19:18:49-04:00,model110_glb_2step,False,False,,,['model110_glb_2step'],[],,IS,UNSUBMITTED,4476836,20000000,3110,3133,0.0535,0.0432,0.0277,0.001616,1.46,2.48,2013-01-20,"[{'name': 'LOW_SHARPE', 'result': 'PASS', 'limit': 1.58, 'value': 2.48}, {'name': 'LOW_FITNESS', 'result': 'PASS', 'limit': 1.0, 'value': 1.46}, {'name': 'LOW_TURNOVER', 'result': 'PASS', 'limit': 0.01, 'value': 0.0535}, {'name': 'HIGH_TURNOVER', 'result': 'PASS', 'limit': 0.7, 'value': 0.0535}, {'name': 'CONCENTRATED_WEIGHT', 'result': 'PASS'}, {'name': 'LOW_SUB_UNIVERSE_SHARPE', 'result': 'PASS', 'limit': 0.87, 'value': 1.59}, {'name': 'SELF_CORRELATION', 'result': 'PENDING'}, {'name': 'DATA_DIVERSITY', 'result': 'PENDING'}, {'name': 'PROD_CORRELATION', 'result': 'PENDING'}, {'name': 'REGULAR_SUBMISSION', 'result': 'PENDING'}, {'name': 'IS_LADDER_SHARPE', 'result': 'PASS', 'year': 2, 'startDate': '2023-01-20', 'endDate': '2021-01-21', 'limit': 2.02, 'value': 2.42}, {'result': 'PASS', 'name': 'MATCHES_PYRAMID', 'effective': 2, 'multiplier': 1.4, 'pyramids': [{'name': 'GLB/D1/MODEL', 'multiplier': 1.4}, {'name': 'GLB/D1/OTHER', 'multiplier': 1.6}]}, {'result': 'WARNING', 'name': 'MATCHES_THEMES', 'themes': [{'id': 'M4ZY3YD', 'multiplier': 2.0, 'name': 'GLB high turnover Theme'}]}, {'name': 'POWER_POOL_CORRELATION', 'result': 'PENDING'}]",,,,,,,,"['GLB/D1/MODEL', 'GLB/D1/OTHER']",0,,,,,,,,,,,,,,,,,,,,0
05pL3wp,REGULAR,JZ45236,EQUITY,GLB,MINVOL1M,1,6,SUBINDUSTRY,0.08,ON,VERIFY,ON,FASTEXPR,False,"group_neutralize(normalize(winsorize(ts_backfill(mdl110_score, 120), std=4)),densify(oth455_competitor_roam_w2_pca_fact1_cluster_10))",,5,2025-07-19T14:41:11-04:00,,2025-07-19T18:41:15-04:00,model110_glb_2step,False,False,,,['model110_glb_2step'],[],,IS,UNSUBMITTED,8914105,20000000,3067,2853,0.0901,0.0861,0.0612,0.001912,2.06,2.48,2013-01-20,"[{'name': 'LOW_SHARPE', 'result': 'PASS', 'limit': 1.58, 'value': 2.48}, {'name': 'LOW_FITNESS', 'result': 'PASS', 'limit': 1.0, 'value': 2.06}, {'name': 'LOW_TURNOVER', 'result': 'PASS', 'limit': 0.01, 'value': 0.0901}, {'name': 'HIGH_TURNOVER', 'result': 'PASS', 'limit': 0.7, 'value': 0.0901}, {'name': 'CONCENTRATED_WEIGHT', 'result': 'PASS'}, {'name': 'LOW_SUB_UNIVERSE_SHARPE', 'result': 'PASS', 'limit': 0.87, 'value': 1.77}, {'name': 'SELF_CORRELATION', 'result': 'PENDING'}, {'name': 'DATA_DIVERSITY', 'result': 'PENDING'}, {'name': 'PROD_CORRELATION', 'result': 'PENDING'}, {'name': 'REGULAR_SUBMISSION', 'result': 'PENDING'}, {'name': 'IS_LADDER_SHARPE', 'result': 'WARNING', 'year': 3, 'startDate': '2023-01-20', 'endDate': '2020-01-21', 'limit': 1.58, 'value': 1.38}, {'result': 'PASS', 'name': 'MATCHES_PYRAMID', 'effective': 2, 'multiplier': 1.4, 'pyramids': [{'name': 'GLB/D1/MODEL', 'multiplier': 1.4}, {'name': 'GLB/D1/OTHER', 'multiplier': 1.6}]}, {'result': 'WARNING', 'name': 'MATCHES_THEMES', 'themes': [{'id': 'M4ZY3YD', 'multiplier': 2.0, 'name': 'GLB high turnover Theme'}]}, {'name': 'POWER_POOL_CORRELATION', 'result': 'PENDING'}]",,,,,,,,"['GLB/D1/MODEL', 'GLB/D1/OTHER']",0,,,,,,,,,,,,,,,,,,,,0
